congress,chamber,icpsr,state_icpsr,district_code,state_abbrev,district_id,party_code,occupancy,last_means,bioname,bioguide_id,born,died,nominate_dim1,nominate_dim2,nominate_log_likelihood,nominate_geo_mean_probability,nominate_number_of_votes,nominate_number_of_errors,conditional,nokken_poole_dim1,nokken_poole_dim2
114,President,99911,99,0,USA,,100,0,0,"OBAMA, Barack",O000167,1961,,-0.358,-0.197,,,,,,,
114,House,20301,41,3,AL,AL3,200,0,1,"ROGERS, Mike Dennis",R000575,1958,,0.36,0.463,-135.06665,0.88435,1099,60,,0.389,0.33
114,House,21102,41,7,AL,AL7,100,0,1,"SEWELL, Terri",S001185,1965,,-0.393,0.402,-178.82124,0.84503,1062,86,,-0.398,0.437
114,House,21192,41,2,AL,AL2,200,0,1,"ROBY, Martha",R000591,1976,,0.362,0.658,-91.86721,0.91953,1095,33,,0.398,0.707
114,House,21193,41,5,AL,AL5,200,0,1,"BROOKS, Mo",B001274,1954,,0.646,-0.404,-271.03738,0.78472,1118,101,,0.919,-0.395
114,House,21376,41,1,AL,AL1,200,0,1,"BYRNE, Bradley",B001289,1955,,0.61,0.25,-119.59427,0.8968,1098,48,,0.518,0.253
114,House,21500,41,6,AL,AL6,200,0,1,"PALMER, Gary James",P000609,1954,,0.682,0.091,-121.58708,0.89713,1120,48,,0.782,-0.16
114,House,29701,41,4,AL,AL4,200,0,1,"ADERHOLT, Robert",A000055,1965,,0.38,0.576,-101.81681,0.91243,1111,42,,0.399,0.917
114,House,14066,81,1,AK,AK1,200,0,1,"YOUNG, Donald Edwin",Y000033,1933,,0.283,0.022,-171.48486,0.84919,1049,72,,0.291,0.205
114,House,20304,61,8,AZ,AZ8,200,0,1,"FRANKS, Trent",F000448,1957,,0.749,0.087,-125.06434,0.89197,1094,45,,0.694,-0.044
114,House,20305,61,3,AZ,AZ3,100,0,1,"GRIJALVA, Raúl M.",G000551,1948,,-0.598,-0.256,-91.59082,0.91654,1051,35,,-0.765,-0.442
114,House,20902,61,1,AZ,AZ1,100,0,1,"KIRKPATRICK, Ann",K000368,1950,,-0.169,-0.011,-256.43061,0.78017,1033,119,,-0.25,0.173
114,House,21103,61,4,AZ,AZ4,200,0,1,"GOSAR, Paul",G000565,1958,,0.697,-0.482,-150.98729,0.86987,1083,55,,0.762,-0.519
114,House,21105,61,6,AZ,AZ6,200,0,1,"SCHWEIKERT, David",S001183,1962,,0.577,-0.292,-135.33319,0.88609,1119,56,,0.629,-0.393
114,House,21300,61,9,AZ,AZ9,100,0,1,"SINEMA, Kyrsten",S001191,1976,,-0.105,0.075,-402.07129,0.69081,1087,178,,-0.11,0.135
114,House,21501,61,2,AZ,AZ2,200,0,1,"McSALLY, Martha",M001197,1966,,0.345,0.027,-199.52463,0.83748,1125,95,,0.321,0.006
114,House,21502,61,7,AZ,AZ7,100,0,1,"GALLEGO, Ruben",G000574,1979,,-0.45,0.026,-80.46853,0.93007,1110,27,,-0.483,-0.013
114,House,29500,61,5,AZ,AZ5,200,0,1,"SALMON, Matthew James",S000018,1958,,0.673,-0.272,-162.72287,0.862,1092,62,,0.637,-0.32
114,House,21106,42,1,AR,AR1,200,0,1,"CRAWFORD, Rick",C001087,1966,,0.432,0.487,-97.86746,0.9136,1083,36,,0.432,0.364
114,House,21108,42,3,AR,AR3,200,0,1,"WOMACK, Steve",W000809,1957,,0.356,0.574,-65.96748,0.94305,1125,20,,0.346,0.838
114,House,21503,42,2,AR,AR2,200,0,1,"HILL, French",H001072,1956,,0.444,0.25,-115.78318,0.90187,1121,50,,0.466,0.177
114,House,21563,42,4,AR,AR4,200,0,1,"WESTERMAN, Bruce Eugene",W000821,1967,,0.549,0.346,-78.36573,0.93254,1122,31,,0.526,0.423
114,House,15448,71,12,CA,CA12,100,0,1,"PELOSI, Nancy",P000197,1940,,-0.49,-0.205,-64.12142,0.9401,1038,23,,-0.499,-0.001
114,House,15621,71,48,CA,CA48,200,0,1,"ROHRABACHER, Dana",R000409,1947,,0.626,-0.417,-166.27484,0.85995,1102,74,,0.612,-0.501
114,House,20103,71,17,CA,CA17,100,0,1,"HONDA, Mike",H001034,1941,,-0.529,-0.482,-57.09059,0.95,1113,27,,-0.528,-0.6
114,House,20104,71,28,CA,CA28,100,0,1,"SCHIFF, Adam",S001150,1960,,-0.35,-0.133,-83.92802,0.92762,1117,29,,-0.409,-0.052
114,House,20107,71,49,CA,CA49,200,0,1,"ISSA, Darrell",I000056,1953,,0.496,-0.046,-140.38481,0.87874,1086,59,,0.501,-0.115
114,House,20108,71,53,CA,CA53,100,0,1,"DAVIS, Susan A.",D000598,1944,,-0.343,-0.103,-96.16715,0.91758,1118,33,,-0.384,0.071
114,House,20307,71,22,CA,CA22,200,0,1,"NUNES, Devin",N000181,1973,,0.45,0.223,-106.2503,0.90973,1123,46,,0.335,0.626
114,House,20310,71,38,CA,CA38,100,0,1,"SÁNCHEZ, Linda T.",S001156,1969,,-0.507,-0.137,-61.63536,0.94565,1103,29,,-0.507,-0.115
114,House,20501,71,16,CA,CA16,100,0,1,"COSTA, Jim",C001059,1952,,-0.193,0.456,-417.85155,0.67989,1083,217,,-0.149,0.348
114,House,20538,71,6,CA,CA6,100,0,1,"MATSUI, Doris",M001163,1944,,-0.434,-0.157,-69.07967,0.93998,1116,27,,-0.433,-0.099
114,House,20702,71,9,CA,CA9,100,0,1,"McNERNEY, Jerry",M001166,1951,,-0.263,-0.159,-134.31118,0.88545,1104,45,,-0.346,-0.114
114,House,20703,71,23,CA,CA23,200,0,1,"MCCARTHY, Kevin",M001165,1965,,0.454,0.234,-84.56549,0.92671,1111,42,,0.475,0.363
114,House,20762,71,14,CA,CA14,100,0,1,"SPEIER, Karen Lorraine Jacqueline (Jackie)",S001175,1950,,-0.381,-0.411,-88.75323,0.9179,1036,44,,-0.405,-0.311
114,House,20903,71,4,CA,CA4,200,0,1,"McCLINTOCK, Tom",M001177,1956,,0.694,-0.424,-124.72113,0.89471,1121,49,,0.711,-0.481
114,House,20955,71,27,CA,CA27,100,0,1,"CHU, Judy",C001080,1953,,-0.488,-0.372,-51.73421,0.95284,1071,22,,-0.501,-0.342
114,House,20958,71,3,CA,CA3,100,0,1,"GARAMENDI, John",G000559,1945,,-0.309,-0.098,-162.86722,0.86026,1082,59,,-0.289,-0.017
114,House,20963,71,50,CA,CA50,200,0,1,"HUNTER, Duncan Duane",H001048,1976,,0.539,0.085,-133.77429,0.88694,1115,62,,0.496,0.133
114,House,21109,71,10,CA,CA10,200,0,1,"DENHAM, Jeff",D000612,1967,,0.306,0.212,-166.05767,0.86186,1117,76,,0.26,0.182
114,House,21110,71,37,CA,CA37,100,0,1,"BASS, Karen",B001270,1953,,-0.584,-0.098,-91.00581,0.91504,1025,43,,-0.61,-0.057
114,House,21195,71,44,CA,CA44,100,0,1,"HAHN, Janice",H001063,1952,,-0.39,-0.376,-83.71876,0.926,1089,38,,-0.342,-0.364
114,House,21302,71,1,CA,CA1,200,0,1,"LaMALFA, Doug",L000578,1960,,0.534,0.04,-109.05744,0.90586,1103,38,,0.556,0.025
114,House,21303,71,2,CA,CA2,100,0,1,"HUFFMAN, Jared",H001068,1964,,-0.43,-0.542,-83.47253,0.92737,1107,41,,-0.442,-0.474
114,House,21304,71,7,CA,CA7,100,0,1,"BERA, Ami",B001287,1965,,-0.235,0.014,-170.0598,0.85783,1109,75,,-0.248,0.031
114,House,21305,71,8,CA,CA8,200,0,1,"COOK, Paul",C001094,1943,,0.372,0.208,-112.52921,0.90318,1105,50,,0.39,0.266
114,House,21306,71,15,CA,CA15,100,0,1,"SWALWELL, Eric",S001193,1980,,-0.366,-0.093,-93.4832,0.9173,1083,45,,-0.36,-0.139
114,House,21307,71,21,CA,CA21,200,0,1,"VALADAO, David G.",V000129,1977,,0.262,0.387,-111.98534,0.90501,1122,51,,0.256,0.347
114,House,21308,71,26,CA,CA26,100,0,1,"BROWNLEY, Julia",B001285,1952,,-0.288,0.056,-151.64372,0.87326,1119,76,,-0.276,0.05
114,House,21309,71,29,CA,CA29,100,0,1,"CÁRDENAS, Tony",C001097,1963,,-0.385,0.01,-110.8662,0.89842,1035,45,,-0.361,-0.095
114,House,21311,71,36,CA,CA36,100,0,1,"RUIZ, Raul",R000599,1972,,-0.246,0.059,-166.40839,0.8572,1080,62,,-0.289,0.136
114,House,21312,71,41,CA,CA41,100,0,1,"TAKANO, Mark",T000472,1960,,-0.463,-0.272,-87.03032,0.92556,1125,38,,-0.495,-0.271
114,House,21313,71,47,CA,CA47,100,0,1,"LOWENTHAL, Alan",L000579,1941,,-0.449,-0.384,-73.54462,0.93639,1119,27,,-0.397,-0.41
114,House,21314,71,51,CA,CA51,100,0,1,"VARGAS, Juan",V000130,1961,,-0.402,0.079,-132.65101,0.88802,1117,60,,-0.352,0.014
114,House,21315,71,52,CA,CA52,100,0,1,"PETERS, Scott",P000608,1958,,-0.183,-0.028,-234.85781,0.80899,1108,115,,-0.199,0.009
114,House,21504,71,11,CA,CA11,100,0,1,"DESAULNIER, Mark James",D000623,1952,,-0.53,-0.373,-67.23749,0.94133,1112,32,,-0.491,-0.269
114,House,21505,71,25,CA,CA25,200,0,1,"KNIGHT, Steve",K000387,1966,,0.397,0.188,-119.03516,0.89848,1112,50,,0.446,0.118
114,House,21506,71,31,CA,CA31,100,0,1,"AGUILAR, Peter Rey",A000371,1979,,-0.296,0.139,-168.93555,0.85643,1090,82,,-0.266,0.124
114,House,21507,71,33,CA,CA33,100,0,1,"LIEU, Ted",L000582,1969,,-0.375,-0.249,-102.74156,0.90462,1025,43,,-0.324,-0.494
114,House,21508,71,35,CA,CA35,100,0,1,"TORRES, Norma Judith",T000474,1965,,-0.366,0.051,-106.02701,0.90906,1112,46,,-0.368,0.042
114,House,21509,71,45,CA,CA45,200,0,1,"WALTERS, Mimi",W000820,1962,,0.433,0.177,-109.89569,0.90393,1088,42,,0.39,0.238
114,House,29106,71,43,CA,CA43,100,0,1,"WATERS, Maxine",W000187,1938,,-0.656,-0.076,-99.6209,0.90849,1038,39,,-0.571,-0.12
114,House,29312,71,18,CA,CA18,100,0,1,"ESHOO, Anna Georges",E000215,1942,,-0.381,-0.414,-77.006,0.93257,1103,38,,-0.374,-0.297
114,House,29313,71,20,CA,CA20,100,0,1,"FARR, Sam",F000030,1941,,-0.455,-0.219,-107.70226,0.904,1067,46,,-0.494,-0.141
114,House,29316,71,34,CA,CA34,100,0,1,"BECERRA, Xavier",B000287,1958,,-0.512,-0.283,-79.99934,0.92783,1068,34,,-0.485,-0.456
114,House,29317,71,40,CA,CA40,100,0,1,"ROYBAL-ALLARD, Lucille",R000486,1941,,-0.469,-0.171,-58.22523,0.94894,1111,27,,-0.518,-0.046
114,House,29321,71,39,CA,CA39,200,0,1,"ROYCE, Edward Randall",R000487,1951,,0.657,-0.353,-199.56944,0.83598,1114,81,,0.485,-0.2
114,House,29323,71,42,CA,CA42,200,0,1,"CALVERT, Ken",C000059,1953,,0.349,0.228,-94.83659,0.91832,1113,28,,0.296,0.48
114,House,29504,71,19,CA,CA19,100,0,1,"LOFGREN, Zoe",L000397,1947,,-0.401,-0.432,-110.44516,0.89989,1047,50,,-0.409,-0.393
114,House,29707,71,30,CA,CA30,100,0,1,"SHERMAN, Brad",S000344,1954,,-0.343,-0.142,-143.30527,0.87959,1117,51,,-0.347,-0.017
114,House,29709,71,46,CA,CA46,100,0,1,"SANCHEZ, Loretta",S000030,1960,,-0.367,0.025,-108.19825,0.879,841,48,,-0.36,0.072
114,House,29774,71,24,CA,CA24,100,0,1,"CAPPS, Lois",C001036,1938,,-0.389,-0.227,-81.8492,0.927,1077,26,,-0.374,-0.219
114,House,29778,71,13,CA,CA13,100,0,1,"LEE, Barbara",L000551,1946,,-0.681,-0.585,-48.55805,0.95421,1036,15,,-0.638,-0.718
114,House,29901,71,5,CA,CA5,100,0,1,"THOMPSON, Michael",T000460,1951,,-0.395,0.064,-105.7709,0.9072,1086,44,,-0.368,-0.122
114,House,29903,71,32,CA,CA32,100,0,1,"NAPOLITANO, Grace Flores",N000179,1936,,-0.448,-0.247,-68.5365,0.93846,1079,24,,-0.545,-0.137
114,House,20704,62,5,CO,CO5,200,0,1,"LAMBORN, Doug",L000564,1954,,0.67,0.216,-75.92606,0.93277,1091,30,,0.653,0.231
114,House,20705,62,7,CO,CO7,100,0,1,"PERLMUTTER, Ed",P000593,1953,,-0.282,0.072,-154.74819,0.86708,1085,63,,-0.315,0.032
114,House,20904,62,2,CO,CO2,100,0,1,"POLIS, Jared",P000598,1975,,-0.278,-0.692,-208.88905,0.82832,1109,84,,-0.254,-0.967
114,House,20906,62,6,CO,CO6,200,0,1,"COFFMAN, Mike",C001077,1955,,0.492,-0.213,-187.53988,0.8457,1119,71,,0.461,-0.237
114,House,21111,62,3,CO,CO3,200,0,1,"TIPTON, Scott",T000470,1956,,0.451,-0.023,-132.05947,0.88859,1118,72,,0.526,-0.082
114,House,21510,62,4,CO,CO4,200,0,1,"BUCK, Kenneth Robert",B001297,1959,,0.714,-0.425,-137.60518,0.87858,1063,60,,0.729,-0.521
114,House,29710,62,1,CO,CO1,100,0,1,"DeGETTE, Diana",D000197,1957,,-0.431,-0.308,-80.24256,0.93056,1115,32,,-0.429,-0.171
114,House,20706,1,2,CT,CT2,100,0,1,"COURTNEY, Joe",C001069,1953,,-0.343,0.018,-109.18342,0.9064,1111,46,,-0.331,-0.007
114,House,20907,1,4,CT,CT4,100,0,1,"HIMES, James A.",H001047,1966,,-0.241,-0.234,-154.42047,0.87034,1112,63,,-0.26,-0.207
114,House,21316,1,5,CT,CT5,100,0,1,"ESTY, Elizabeth",E000293,1959,,-0.315,-0.078,-102.61756,0.91237,1119,39,,-0.312,-0.09
114,House,29109,1,3,CT,CT3,100,0,1,"DeLAURO, Rosa L.",D000216,1943,,-0.415,-0.118,-82.93793,0.92588,1077,26,,-0.424,-0.075
114,House,29908,1,1,CT,CT1,100,0,1,"LARSON, John B.",L000557,1948,,-0.397,-0.048,-106.68063,0.90553,1075,44,,-0.368,-0.049
114,House,21113,11,1,DE,DE1,100,0,1,"CARNEY, John C., Jr.",C001083,1956,,-0.256,-0.142,-141.76971,0.879,1100,57,,-0.275,-0.117
114,House,15634,43,27,FL,FL27,200,0,1,"ROS-LEHTINEN, Ileana",R000435,1952,,0.244,-0.225,-263.13497,0.78861,1108,135,,0.204,-0.142
114,House,20110,43,1,FL,FL1,200,0,1,"MILLER, Jefferson B. (Jeff)",M001144,1959,,0.633,0.155,-89.73545,0.921,1089,45,,0.618,0.059
114,House,20111,43,4,FL,FL4,200,0,1,"CRENSHAW, Ander",C001045,1944,,0.333,0.337,-89.92786,0.922,1109,23,,0.303,0.618
114,House,20316,43,25,FL,FL25,200,0,1,"DIAZ-BALART, Mario",D000600,1961,,0.282,0.129,-147.55928,0.87457,1101,53,,0.227,0.257
114,House,20504,43,23,FL,FL23,100,0,1,"WASSERMAN SCHULTZ, Debbie",W000797,1966,,-0.42,0.08,-84.98082,0.92117,1035,32,,-0.467,0.118
114,House,20708,43,14,FL,FL14,100,0,1,"CASTOR, Kathy",C001066,1966,,-0.439,0.054,-86.49885,0.92411,1096,43,,-0.429,-0.016
114,House,20709,43,16,FL,FL16,200,0,1,"BUCHANAN, Vernon G.",B001260,1951,,0.362,-0.113,-191.8983,0.83483,1063,82,,0.369,-0.16
114,House,20758,43,12,FL,FL12,200,0,1,"BILIRAKIS, Gus",B001257,1963,,0.406,0.025,-132.09194,0.88856,1118,57,,0.519,-0.007
114,House,20908,43,9,FL,FL9,100,0,1,"GRAYSON, Alan",G000556,1958,,-0.363,-0.457,-179.64887,0.849,1099,63,,-0.333,-0.597
114,House,20909,43,8,FL,FL8,200,0,1,"POSEY, Bill",P000599,1947,,0.526,-0.334,-202.4896,0.83474,1121,75,,0.601,-0.394
114,House,20910,43,17,FL,FL17,200,0,1,"ROONEY, Thomas J.",R000583,1970,,0.458,0.013,-134.07825,0.88305,1078,75,,0.458,0.061
114,House,20959,43,21,FL,FL21,100,0,1,"DEUTCH, Theodore E. (Ted)",D000610,1966,,-0.401,-0.078,-83.04129,0.92465,1060,31,,-0.428,-0.021
114,House,21115,43,11,FL,FL11,200,0,1,"NUGENT, Richard",N000185,1951,,0.483,0.077,-157.24613,0.851,973,75,,0.463,-0.073
114,House,21116,43,10,FL,FL10,200,0,1,"WEBSTER, Daniel A.",W000806,1949,,0.521,-0.079,-135.27903,0.88092,1067,52,,0.499,0.085
114,House,21117,43,15,FL,FL15,200,0,1,"ROSS, Dennis",R000593,1959,,0.531,0.099,-110.46737,0.90519,1109,42,,0.49,0.239
114,House,21118,43,24,FL,FL24,100,0,1,"WILSON, Frederica",W000808,1942,,-0.479,-0.011,-73.19485,0.9321,1041,28,,-0.509,0.05
114,House,21317,43,3,FL,FL3,200,0,1,"YOHO, Ted",Y000065,1955,,0.704,-0.365,-178.26393,0.85163,1110,74,,0.667,-0.511
114,House,21318,43,6,FL,FL6,200,0,1,"DeSANTIS, Ron",D000621,1978,,0.663,-0.105,-100.61049,0.9132,1108,56,,0.631,-0.135
114,House,21319,43,18,FL,FL18,100,0,1,"MURPHY, Patrick",M001191,1983,,-0.186,-0.026,-209.56091,0.824,1085,85,,-0.244,-0.019
114,House,21321,43,22,FL,FL22,100,0,1,"FRANKEL, Lois",F000462,1948,,-0.401,-0.071,-77.92635,0.93191,1105,27,,-0.428,-0.054
114,House,21377,43,19,FL,FL19,200,0,1,"CLAWSON, Curt",C001102,1959,,0.626,-0.509,-201.38303,0.824,1041,71,,0.587,-0.487
114,House,21401,43,13,FL,FL13,200,0,1,"JOLLY, David W.",J000296,1972,,0.23,0.058,-228.78436,0.807,1065,93,,0.23,0.043
114,House,21511,43,2,FL,FL2,100,0,1,"GRAHAM, Gwendolyn (Gwen)",G000575,1963,,-0.233,0.255,-239.05872,0.808,1124,96,,-0.236,0.271
114,House,21512,43,26,FL,FL26,200,0,1,"CURBELO, Carlos",C001107,1980,,0.211,-0.185,-267.40067,0.78437,1101,131,,0.192,-0.188
114,House,29328,43,5,FL,FL5,100,0,1,"BROWN, Corrine",B000911,1946,,-0.429,0.192,-108.58497,0.895,983,39,,-0.508,0.387
114,House,29331,43,7,FL,FL7,200,0,1,"MICA, John L.",M000689,1943,,0.453,0.137,-113.52337,0.904,1119,46,,0.443,0.191
114,House,29337,43,20,FL,FL20,100,0,1,"HASTINGS, Alcee Lamar",H000324,1936,2021.0,-0.564,0.157,-116.33132,0.88417,945,51,,-0.47,0.027
114,House,15431,44,5,GA,GA5,100,0,1,"LEWIS, John R.",L000287,1940,2020.0,-0.589,-0.221,-72.96987,0.93262,1046,35,,-0.538,-0.412
114,House,20321,44,13,GA,GA13,100,0,1,"SCOTT, David",S001157,1945,,-0.302,0.165,-175.33668,0.8486,1068,68,,-0.276,0.135
114,House,20505,44,6,GA,GA6,200,0,1,"PRICE, Tom",P000591,1954,,0.644,-0.073,-98.5592,0.91317,1085,56,,0.635,-0.081
114,House,20506,44,3,GA,GA3,200,0,1,"WESTMORELAND, Lynn A.",W000796,1950,,0.672,0.189,-145.79575,0.857,946,55,,0.597,-0.024
114,House,20712,44,4,GA,GA4,100,0,1,"JOHNSON, Hank",J000288,1954,,-0.468,-0.002,-125.70687,0.89089,1088,38,,-0.477,0.031
114,House,20962,44,14,GA,GA14,200,0,1,"GRAVES, Tom",G000560,1970,,0.716,-0.002,-103.2938,0.91053,1102,57,,0.632,0.036
114,House,21122,44,7,GA,GA7,200,0,1,"WOODALL, Rob",W000810,1970,,0.593,-0.173,-134.22985,0.886,1109,66,,0.597,-0.269
114,House,21123,44,8,GA,GA8,200,0,1,"SCOTT, Austin",S001189,1969,,0.56,0.23,-69.24101,0.93889,1098,19,,0.602,0.293
114,House,21323,44,9,GA,GA9,200,0,1,"COLLINS, Doug",C001093,1966,,0.61,0.134,-106.58377,0.90797,1104,55,,0.659,-0.025
114,House,21513,44,1,GA,GA1,200,0,1,"CARTER, Buddy",C001103,1957,,0.565,0.299,-100.60106,0.91343,1111,53,,0.551,0.272
114,House,21514,44,10,GA,GA10,200,0,1,"HICE, Jody Brownlow",H001071,1960,,0.791,-0.235,-102.40547,0.91232,1116,54,,0.713,-0.115
114,House,21515,44,11,GA,GA11,200,0,1,"LOUDERMILK, Barry D.",L000583,1963,,0.685,-0.003,-110.60074,0.90393,1095,51,,0.668,-0.097
114,House,21516,44,12,GA,GA12,200,0,1,"ALLEN, Rick W.",A000372,1951,,0.699,0.21,-79.91524,0.9306,1111,27,,0.617,0.446
114,House,29339,44,2,GA,GA2,100,0,1,"BISHOP, Sanford Dixon, Jr.",B000490,1947,,-0.283,0.46,-268.71073,0.78413,1105,127,,-0.308,0.514
114,House,21124,82,1,HI,HI1,100,2,2,"HANABUSA, Colleen",H001050,1951,,-0.37,0.004,-0.91855,0.9708,31,0,,-0.515,0.34
114,House,21324,82,2,HI,H2,100,0,1,"GABBARD, Tulsi",G000571,1981,,-0.274,-0.282,-164.23551,0.86349,1119,61,,-0.291,-0.23
114,House,21517,82,1,HI,HI1,100,1,1,"TAKAI, Mark",T000473,1967,2016.0,-0.363,-0.038,-63.51748,0.906,646,19,,-0.364,-0.028
114,House,21125,63,1,ID,ID1,200,0,1,"LABRADOR, Raúl R.",L000573,1967,,0.735,-0.571,-162.2669,0.86273,1099,72,,0.719,-0.667
114,House,29910,63,2,ID,ID2,200,0,1,"SIMPSON, Michael K.",S001148,1950,,0.299,0.29,-105.12338,0.90925,1105,40,,0.252,0.458
114,House,20508,21,3,IL,IL3,100,0,1,"LIPINSKI, Daniel",L000563,1966,,-0.227,0.176,-289.96139,0.76717,1094,113,,-0.219,0.188
114,House,20715,21,6,IL,IL6,200,0,1,"ROSKAM, Peter",R000580,1961,,0.429,0.018,-135.14474,0.88082,1065,61,,0.411,0.157
114,House,20749,21,11,IL,IL11,100,0,1,"FOSTER, Bill",F000454,1955,,-0.23,-0.223,-138.26431,0.88377,1119,57,,-0.279,-0.22
114,House,20914,21,18,IL,IL18,200,1,1,"SCHOCK, Aaron",S001179,1981,,0.311,0.185,-15.2141,0.871,110,9,,0.339,-0.161
114,House,20954,21,5,IL,IL5,100,0,1,"QUIGLEY, Mike",Q000023,1958,,-0.322,-0.266,-113.28222,0.90265,1106,49,,-0.333,-0.073
114,House,21128,21,16,IL,IL16,200,0,1,"KINZINGER, Adam",K000378,1978,,0.236,0.378,-127.66336,0.89218,1119,65,,0.252,0.235
114,House,21129,21,14,IL,IL14,200,0,1,"HULTGREN, Randy",H001059,1966,,0.49,-0.034,-112.10689,0.90435,1115,47,,0.479,0.087
114,House,21325,21,8,IL,IL8,100,0,1,"DUCKWORTH, Tammy",D000622,1968,,-0.335,0.098,-116.89221,0.89061,1009,50,,-0.304,0.078
114,House,21328,21,13,IL,IL13,200,0,1,"DAVIS, Rodney",D000619,1970,,0.28,0.165,-146.58112,0.87608,1108,70,,0.284,0.107
114,House,21329,21,17,IL,IL17,100,0,1,"BUSTOS, Cheri",B001286,1961,,-0.239,0.053,-147.73564,0.87632,1119,47,,-0.274,0.116
114,House,21371,21,2,IL,IL2,100,0,1,"KELLY, Robin L.",K000385,1956,,-0.462,-0.013,-79.51661,0.9272,1052,30,,-0.429,-0.071
114,House,21518,21,10,IL,IL10,200,0,1,"DOLD, Robert",D000613,1969,,0.176,-0.207,-292.99709,0.768,1112,142,,0.174,-0.205
114,House,21519,21,12,IL,IL12,200,0,1,"BOST, Mike",B001295,1960,,0.292,0.399,-118.98231,0.89495,1072,56,,0.279,0.374
114,House,21562,21,18,IL,IL18,200,2,2,"LaHOOD, Darin",L000585,1968,,0.463,0.198,-66.6494,0.90716,684,27,,0.428,0.056
114,House,29346,21,1,IL,IL1,100,0,1,"RUSH, Bobby L.",R000515,1946,,-0.479,-0.204,-107.84144,0.88871,914,41,,-0.475,-0.106
114,House,29348,21,4,IL,IL4,100,0,1,"GUTIÉRREZ, Luis V.",G000535,1953,,-0.487,-0.26,-68.53368,0.93402,1004,34,,-0.507,-0.296
114,House,29717,21,7,IL,IL7,100,0,1,"DAVIS, Danny K.",D000096,1941,,-0.486,-0.265,-78.41375,0.92978,1077,27,,-0.505,0.009
114,House,29718,21,15,IL,IL15,200,0,1,"SHIMKUS, John M.",S000364,1958,,0.375,0.154,-102.05755,0.91276,1118,45,,0.325,0.428
114,House,29911,21,9,IL,IL9,100,0,1,"SCHAKOWSKY, Janice D.",S001145,1944,,-0.604,-0.27,-74.42163,0.93383,1087,32,,-0.58,-0.407
114,House,15124,22,1,IN,IN1,100,0,1,"VISCLOSKY, Peter",V000108,1949,,-0.402,0.244,-159.45054,0.8663,1111,70,,-0.453,0.068
114,House,20757,22,7,IN,IN7,100,0,1,"CARSON, André",C001072,1974,,-0.429,0.056,-120.62226,0.89685,1108,43,,-0.472,0.061
114,House,21100,22,3,IN,IN3,200,0,1,"STUTZMAN, Marlin",S001188,1976,,0.742,-0.119,-92.80672,0.916,1061,41,,0.715,-0.221
114,House,21131,22,4,IN,IN4,200,0,1,"ROKITA, Todd",R000592,1970,,0.602,-0.16,-149.19175,0.87381,1106,57,,0.559,-0.225
114,House,21132,22,8,IN,IN8,200,0,1,"BUCSHON, Larry",B001275,1962,,0.41,0.264,-104.34787,0.91089,1118,52,,0.363,0.311
114,House,21133,22,9,IN,IN9,200,0,1,"YOUNG, Todd",Y000064,1972,,0.458,-0.047,-108.10459,0.90492,1082,44,,0.464,0.056
114,House,21330,22,2,IN,IN2,200,0,1,"WALORSKI, Jackie",W000813,1963,2022.0,0.436,0.315,-74.28323,0.93538,1112,29,,0.45,0.391
114,House,21331,22,5,IN,IN5,200,0,1,"BROOKS, Susan",B001284,1960,,0.352,0.217,-107.55346,0.90781,1112,48,,0.363,0.306
114,House,21332,22,6,IN,IN6,200,0,1,"MESSER, Luke",M001189,1969,,0.563,-0.086,-114.3569,0.90244,1114,46,,0.554,-0.124
114,House,20325,31,4,IA,IA4,200,0,1,"KING, Steve",K000362,1949,,0.613,0.171,-147.07589,0.87235,1077,46,,0.574,0.051
114,House,20720,31,2,IA,IA2,100,0,1,"LOEBSACK, Dave",L000565,1952,,-0.276,-0.027,-103.22539,0.91135,1112,37,,-0.32,-0.027
114,House,21520,31,1,IA,IA1,200,0,1,"BLUM, Rod",B001294,1955,,0.527,-0.488,-211.76219,0.82702,1115,74,,0.521,-0.427
114,House,21521,31,3,IA,IA3,200,0,1,"YOUNG, David",Y000066,1968,,0.442,-0.038,-143.93891,0.8799,1125,63,,0.443,0.04
114,House,20915,32,2,KS,KS2,200,0,1,"JENKINS, Lynn",J000290,1963,,0.523,0.004,-110.06119,0.90462,1098,49,,0.532,-0.001
114,House,21134,32,1,KS,KS1,200,0,1,"HUELSKAMP, Tim",H001057,1968,,0.744,-0.466,-167.58324,0.859,1103,69,,0.919,-0.395
114,House,21135,32,3,KS,KS3,200,0,1,"YODER, Kevin",Y000063,1976,,0.558,0.03,-118.67899,0.89851,1109,61,,0.556,-0.041
114,House,21136,32,4,KS,KS4,200,0,1,"POMPEO, Mike",P000602,1963,,0.66,0.164,-79.15451,0.92939,1081,28,,0.634,0.15
114,House,14854,51,5,KY,KY5,200,0,1,"ROGERS, Harold Dallas (Hal)",R000395,1937,,0.338,0.12,-95.30444,0.91794,1113,29,,0.298,0.709
114,House,20723,51,3,KY,KY3,100,0,1,"YARMUTH, John",Y000062,1947,,-0.378,-0.274,-71.80008,0.93335,1041,27,,-0.421,-0.349
114,House,20916,51,2,KY,KY2,200,0,1,"GUTHRIE, Brett",G000558,1964,,0.421,0.283,-92.47604,0.92048,1116,43,,0.522,0.294
114,House,21333,51,6,KY,KY6,200,0,1,"BARR, Garland H. (Andy) IV",B001282,1973,,0.476,0.321,-91.38022,0.92145,1117,45,,0.488,0.445
114,House,21565,51,1,KY,KY1,200,2,2,"COMER, James",C001108,1972,,0.593,-0.016,-1.8932,0.94076,31,1,,0.608,0.542
114,House,29525,51,1,KY,KY1,200,1,1,"WHITFIELD, Wayne Edward (Ed)",W000413,1943,,0.303,0.182,-161.20582,0.845,956,51,,0.308,0.2
114,House,31102,51,4,KY,KY4,200,0,1,"MASSIE, Thomas",M001184,1971,,0.678,-0.735,-394.64303,0.70169,1114,144,,0.991,-0.136
114,House,20514,45,3,LA,LA3,200,0,1,"BOUSTANY, Charles W.",B001255,1956,,0.392,0.308,-102.39446,0.912,1115,40,,0.364,0.703
114,House,20759,45,1,LA,LA1,200,0,1,"SCALISE, Steve",S001176,1965,,0.554,0.18,-87.45187,0.92424,1110,32,,0.517,0.296
114,House,20918,45,4,LA,LA4,200,0,1,"FLEMING, John",F000456,1951,,0.59,0.022,-134.43897,0.887,1116,70,,0.678,-0.179
114,House,21137,45,2,LA,LA2,100,0,1,"RICHMOND, Cedric",R000588,1973,,-0.486,0.332,-114.13501,0.89945,1077,53,,-0.489,0.32
114,House,21522,45,5,LA,LA5,200,0,1,"ABRAHAM, Ralph",A000374,1954,,0.541,0.257,-94.00727,0.9197,1123,34,,0.487,0.511
114,House,21523,45,6,LA,LA6,200,0,1,"GRAVES, Garret",G000577,1972,,0.444,0.009,-154.54357,0.87079,1117,63,,0.49,-0.076
114,House,20920,2,1,ME,ME1,100,0,1,"PINGREE, Chellie",P000597,1955,,-0.42,-0.376,-87.4113,0.9246,1115,38,,-0.386,-0.374
114,House,21524,2,2,ME,ME2,200,0,1,"POLIQUIN, Bruce Lee",P000611,1953,,0.36,-0.182,-267.95948,0.78755,1122,120,,0.371,-0.262
114,House,14873,52,5,MD,MD5,100,0,1,"HOYER, Steny Hamilton",H000874,1939,,-0.38,0.119,-93.06744,0.91765,1083,43,,-0.418,0.082
114,House,20329,52,2,MD,MD2,100,0,1,"RUPPERSBERGER, C. A. (Dutch)",R000576,1946,,-0.295,0.131,-173.99156,0.85069,1076,69,,-0.296,0.211
114,House,20330,52,8,MD,MD8,100,0,1,"VAN HOLLEN, Christopher",V000128,1959,,-0.391,-0.208,-65.25611,0.9421,1094,17,,-0.473,-0.182
114,House,20724,52,3,MD,MD3,100,0,1,"SARBANES, John",S001168,1962,,-0.467,-0.073,-60.35392,0.94685,1105,29,,-0.495,-0.193
114,House,20763,52,4,MD,MD4,100,0,1,"EDWARDS, Donna F.",E000290,1958,,-0.562,-0.294,-71.33447,0.937,1097,33,,-0.474,-0.242
114,House,21139,52,1,MD,MD1,200,0,1,"HARRIS, Andy",H001052,1957,,0.671,-0.395,-139.14633,0.88288,1117,59,,0.681,-0.249
114,House,21334,52,6,MD,MD6,100,0,1,"DELANEY, John",D000620,1963,,-0.276,0.041,-176.33501,0.84608,1055,78,,-0.259,0.022
114,House,29587,52,7,MD,MD7,100,0,1,"CUMMINGS, Elijah Eugene",C000984,1951,2019.0,-0.438,-0.148,-59.84599,0.94705,1100,23,,-0.512,-0.112
114,House,15616,3,1,MA,MA1,100,0,1,"NEAL, Richard Edmund",N000015,1949,,-0.417,-0.105,-92.71297,0.91896,1097,51,,-0.392,-0.164
114,House,20119,3,8,MA,MA8,100,0,1,"LYNCH, Stephen F.",L000562,1955,,-0.349,0.04,-153.5278,0.87017,1104,67,,-0.346,0.003
114,House,20754,3,3,MA,MA3,100,0,1,"TSONGAS, Nicola S. (Niki)",T000465,1946,,-0.396,-0.199,-75.6907,0.93225,1079,27,,-0.385,-0.202
114,House,21140,3,9,MA,MA9,100,0,1,"KEATING, William R.",K000375,1952,,-0.33,-0.117,-143.79671,0.87777,1103,55,,-0.32,-0.034
114,House,21335,3,4,MA,MA4,100,0,1,"KENNEDY, Joseph P. III",K000379,1980,,-0.421,-0.206,-93.98987,0.91606,1072,36,,-0.443,-0.092
114,House,21375,3,5,MA,MA5,100,0,1,"CLARK, Katherine M.",C001101,1963,,-0.483,-0.363,-65.59172,0.94312,1120,27,,-0.476,-0.477
114,House,21525,3,6,MA,MA6,100,0,1,"MOULTON, Seth",M001196,1978,,-0.282,-0.057,-141.6292,0.88101,1118,59,,-0.337,0.017
114,House,29729,3,2,MA,MA2,100,0,1,"McGOVERN, James P.",M000312,1959,,-0.539,-0.313,-77.9527,0.93242,1114,40,,-0.46,-0.67
114,House,29919,3,7,MA,MA7,100,0,1,"CAPUANO, Michael Everett",C001037,1952,,-0.58,-0.082,-111.61555,0.90351,1100,62,,-0.443,-0.438
114,House,10713,23,13,MI,MI13,100,0,1,"CONYERS, John, Jr.",C000714,1929,2019.0,-0.658,-0.512,-101.50849,0.90981,1074,38,,-0.538,-0.303
114,House,15033,23,9,MI,MI9,100,0,1,"LEVIN, Sander Martin",L000263,1931,,-0.379,-0.091,-82.1549,0.92841,1106,30,,-0.434,-0.02
114,House,15446,23,6,MI,MI6,200,0,1,"UPTON, Frederick Stephen",U000031,1953,,0.323,-0.36,-210.02203,0.8297,1125,83,,0.31,-0.022
114,House,20331,23,10,MI,MI10,200,0,1,"MILLER, Candice S.",M001150,1954,,0.343,-0.001,-160.03739,0.859,1056,75,,0.384,0.028
114,House,20725,23,7,MI,MI7,200,0,1,"WALBERG, Tim",W000798,1951,,0.511,0.098,-97.15108,0.91677,1118,47,,0.513,0.215
114,House,21141,23,1,MI,MI1,200,0,1,"BENISHEK, Dan",B001271,1952,2021.0,0.491,-0.15,-198.80694,0.838,1122,105,,0.407,-0.042
114,House,21142,23,2,MI,MI2,200,0,1,"HUIZENGA, Bill",H001058,1969,,0.563,-0.039,-113.44038,0.90116,1090,53,,0.596,-0.043
114,House,21143,23,3,MI,MI3,200,0,1,"AMASH, Justin",A000367,1980,,0.654,-0.757,-486.11045,0.6484,1122,175,,0.573,-0.82
114,House,21372,23,5,MI,MI5,100,0,1,"KILDEE, Dan",K000380,1958,,-0.389,-0.216,-80.59221,0.92923,1098,28,,-0.433,-0.164
114,House,21526,23,4,MI,MI4,200,0,1,"MOOLENAAR, John",M001194,1961,,0.432,0.276,-100.1236,0.91382,1111,34,,0.429,0.47
114,House,21527,23,8,MI,MI8,200,0,1,"BISHOP, Michael Dean",B001293,1967,,0.451,0.095,-122.50499,0.89639,1120,57,,0.437,0.129
114,House,21528,23,11,MI,MI11,200,0,1,"TROTT, David A.",T000475,1960,,0.369,0.257,-108.13286,0.90789,1119,44,,0.373,0.315
114,House,21529,23,12,MI,MI12,100,0,1,"DINGELL, Debbie",D000624,1953,,-0.406,-0.146,-81.11674,0.92872,1097,34,,-0.464,0.03
114,House,21530,23,14,MI,MI14,100,0,1,"LAWRENCE, Brenda L",L000581,1954,,-0.448,-0.04,-81.04727,0.92965,1111,34,,-0.455,-0.037
114,House,14263,33,8,MN,MN8,100,0,1,"NOLAN, Richard Michael",N000127,1943,,-0.372,-0.372,-183.48773,0.84389,1081,68,,-0.275,-0.325
114,House,20122,33,4,MN,MN4,100,0,1,"McCOLLUM, Betty",M001143,1954,,-0.417,-0.185,-91.50532,0.9208,1109,31,,-0.457,-0.077
114,House,20333,33,2,MN,MN2,200,0,1,"KLINE, John",K000363,1947,,0.49,0.154,-112.95818,0.904,1114,45,,0.394,0.302
114,House,20726,33,1,MN,MN1,100,0,1,"WALZ, Tim",W000799,1964,,-0.275,0.131,-195.44699,0.83895,1113,80,,-0.261,0.1
114,House,20727,33,5,MN,MN5,100,0,1,"ELLISON, Keith",E000288,1963,,-0.537,-0.58,-91.04381,0.91887,1076,35,,-0.481,-0.504
114,House,20924,33,3,MN,MN3,200,0,1,"PAULSEN, Erik",P000594,1965,,0.402,-0.191,-166.84159,0.86091,1114,77,,0.392,-0.128
114,House,21531,33,6,MN,MN6,200,0,1,"EMMER, Thomas Earl II",E000294,1961,,0.45,-0.042,-178.24,0.85263,1118,80,,0.423,-0.079
114,House,29127,33,7,MN,MN7,100,0,1,"PETERSON, Collin Clark",P000258,1944,,-0.148,0.712,-460.60355,0.6616,1115,231,,-0.107,0.584
114,House,20925,46,3,MS,MS3,200,0,1,"HARPER, Gregg",H001045,1956,,0.384,0.48,-91.55113,0.92028,1102,36,,0.345,0.658
114,House,21147,46,1,MS,MS1,200,1,1,"NUNNELEE, Alan",N000186,1958,2015.0,0.488,0.574,,,,,,,
114,House,21148,46,4,MS,MS4,200,0,1,"PALAZZO, Steven",P000601,1970,,0.533,0.458,-109.25372,0.90336,1075,63,,0.487,0.495
114,House,21561,46,1,MS,MS1,200,2,2,"KELLY, Trent",K000388,1966,,0.632,0.293,-76.65926,0.91167,829,34,,0.542,0.384
114,House,29368,46,2,MS,MS2,100,0,1,"THOMPSON, Bennie",T000193,1948,,-0.516,0.397,-120.36949,0.89453,1080,56,,-0.534,0.293
114,House,20124,34,6,MO,MO6,200,0,1,"GRAVES, Samuel",G000546,1963,,0.443,0.194,-134.10907,0.88052,1054,56,,0.376,0.233
114,House,20147,34,1,MO,MO1,100,0,1,"CLAY, William Lacy, Jr.",C001049,1956,,-0.481,-0.078,-106.88393,0.90635,1087,38,,-0.483,0.106
114,House,20517,34,5,MO,MO5,100,0,1,"CLEAVER, Emanuel, II",C001061,1944,,-0.453,0.017,-100.67269,0.9054,1013,36,,-0.488,0.069
114,House,20926,34,3,MO,MO3,200,0,1,"LUETKEMEYER, Blaine",L000569,1952,,0.444,0.26,-86.09425,0.92511,1106,38,,0.429,0.36
114,House,21149,34,4,MO,MO4,200,0,1,"HARTZLER, Vicky",H001053,1960,,0.471,0.251,-95.5645,0.91814,1119,42,,0.509,0.535
114,House,21150,34,7,MO,MO7,200,0,1,"LONG, Billy",L000576,1955,,0.548,0.227,-89.27376,0.92031,1075,39,,0.505,0.53
114,House,21337,34,2,MO,MO2,200,0,1,"WAGNER, Ann",W000812,1962,,0.424,0.164,-89.28771,0.91855,1051,34,,0.44,0.269
114,House,21373,34,8,MO,MO8,200,0,1,"SMITH, Jason",S001195,1980,,0.589,0.219,-81.45125,0.92955,1115,42,,0.609,0.138
114,House,21532,64,1,MT,MT1,200,0,1,"ZINKE, Ryan",Z000018,1961,,0.412,-0.097,-192.64626,0.83975,1103,69,,0.412,-0.097
114,House,20518,35,1,NE,NE1,200,0,1,"FORTENBERRY, Jeff",F000449,1960,,0.304,-0.061,-189.39435,0.84327,1111,80,,0.318,-0.007
114,House,20729,35,3,NE,NE3,200,0,1,"SMITH, Adrian",S001172,1970,,0.516,0.213,-80.3162,0.9305,1115,28,,0.557,0.353
114,House,21533,35,2,NE,NE2,100,0,1,"ASHFORD, John Bradley",A000373,1949,,-0.185,0.441,-325.13112,0.746,1112,137,,-0.181,0.427
114,House,20927,65,1,NV,NV1,100,0,1,"TITUS, Alice (Dina)",T000468,1950,,-0.304,-0.215,-111.96703,0.90038,1067,42,,-0.297,-0.252
114,House,21151,65,3,NV,NV3,200,0,1,"HECK, Joe",H001055,1961,,0.324,0.014,-170.65291,0.853,1074,83,,0.364,-0.073
114,House,21196,65,2,NV,NV2,200,0,1,"AMODEI, Mark E.",A000369,1958,,0.381,0.196,-113.5078,0.898,1055,44,,0.323,0.459
114,House,21534,65,4,NV,NV4,200,0,1,"HARDY, Cresent Leo",H001070,1957,,0.353,0.209,-119.1218,0.897,1099,51,,0.353,0.203
114,House,21340,4,2,NH,NH2,100,0,1,"KUSTER, Ann McLane",K000382,1956,,-0.258,-0.103,-128.35649,0.89144,1117,48,,-0.257,-0.129
114,House,21535,4,1,NH,NH1,200,0,1,"GUINTA, Frank",G000570,1970,,0.427,-0.073,-156.51923,0.868,1110,61,,0.429,-0.088
114,House,14863,12,4,NJ,NJ4,200,0,1,"SMITH, Christopher Henry",S000522,1953,,0.17,-0.168,-317.06159,0.75211,1113,126,,0.278,-0.147
114,House,15454,12,6,NJ,NJ6,100,0,1,"PALLONE, Frank, Jr.",P000034,1951,,-0.404,-0.169,-89.23332,0.92249,1106,46,,-0.454,-0.405
114,House,20336,12,5,NJ,NJ5,200,0,1,"GARRETT, Scott",G000548,1959,,0.688,-0.243,-161.0892,0.864,1099,76,,0.622,-0.476
114,House,20542,12,8,NJ,NJ8,100,0,1,"SIRES, Albio",S001165,1951,,-0.405,0.098,-149.29304,0.86977,1070,67,,-0.361,0.095
114,House,20929,12,7,NJ,NJ7,200,0,1,"LANCE, Leonard",L000567,1952,,0.329,-0.237,-214.44596,0.82645,1125,110,,0.374,-0.144
114,House,21536,12,1,NJ,NJ1,100,0,1,"NORCROSS, Donald",N000188,1958,,-0.426,0.332,-132.13987,0.88767,1109,64,,-0.375,0.225
114,House,21537,12,3,NJ,NJ3,200,0,1,"MacARTHUR, Thomas Charles",M001193,1960,,0.206,0.274,-174.19264,0.85513,1113,75,,0.207,0.259
114,House,21538,12,12,NJ,NJ12,100,0,1,"WATSON COLEMAN, Bonnie",W000822,1945,,-0.617,-0.175,-77.39771,0.93294,1115,42,,-0.525,-0.427
114,House,29539,12,2,NJ,NJ2,200,0,1,"LoBIONDO, Frank A.",L000554,1946,,0.211,-0.224,-257.13908,0.79567,1125,119,,0.233,-0.195
114,House,29541,12,11,NJ,NJ11,200,0,1,"FRELINGHUYSEN, Rodney P.",F000372,1946,,0.292,-0.262,-220.45187,0.82133,1120,85,,0.266,0.412
114,House,29741,12,9,NJ,NJ9,100,0,1,"PASCRELL, William J., Jr.",P000096,1937,,-0.367,-0.007,-113.35334,0.90217,1101,40,,-0.409,0.04
114,House,31103,12,10,NJ,NJ10,100,0,1,"PAYNE, Donald, Jr.",P000604,1958,,-0.52,-0.109,-76.11141,0.91993,912,31,,-0.524,-0.084
114,House,20337,66,2,NM,NM2,200,0,1,"PEARCE, Stevan",P000588,1947,,0.472,0.064,-153.22132,0.86518,1058,70,,0.509,0.003
114,House,20932,66,3,NM,NM3,100,0,1,"LUJÁN, Ben Ray",L000570,1972,,-0.368,0.015,-113.10508,0.90354,1115,42,,-0.388,0.108
114,House,21341,66,1,NM,NM1,100,0,1,"LUJAN GRISHAM, Michelle",L000580,1959,,-0.313,0.047,-131.90424,0.88422,1072,48,,-0.362,0.179
114,House,13035,13,13,NY,NY13,100,0,1,"RANGEL, Charles B.",R000053,1930,,-0.514,-0.341,-100.02235,0.911,1077,41,,-0.498,-0.088
114,House,15444,13,25,NY,NY25,100,0,1,"SLAUGHTER, Louise McIntosh",S000480,1929,2018.0,-0.465,-0.104,-87.21867,0.92424,1107,40,,-0.485,-0.096
114,House,15603,13,16,NY,NY16,100,0,1,"ENGEL, Eliot Lance",E000179,1947,,-0.408,-0.093,-130.45409,0.88369,1055,42,,-0.429,0.072
114,House,15612,13,17,NY,NY17,100,0,1,"LOWEY, Nita M.",L000480,1937,,-0.389,-0.152,-97.13492,0.9165,1114,43,,-0.404,-0.021
114,House,20129,13,3,NY,NY3,100,0,1,"ISRAEL, Steve",I000057,1958,,-0.334,-0.051,-92.75235,0.919,1101,51,,-0.394,0.009
114,House,20519,13,26,NY,NY26,100,0,1,"HIGGINS, Brian",H001038,1959,,-0.348,-0.033,-99.95123,0.91389,1110,36,,-0.362,-0.127
114,House,20733,13,9,NY,NY9,100,0,1,"CLARKE, Yvette Diane",C001067,1964,,-0.612,-0.224,-72.31107,0.93677,1107,36,,-0.594,-0.401
114,House,20934,13,20,NY,NY20,100,0,1,"TONKO, Paul",T000469,1949,,-0.421,-0.262,-84.4386,0.92624,1102,30,,-0.434,-0.273
114,House,21101,13,23,NY,NY23,200,0,1,"REED, Thomas W. II",R000585,1971,,0.269,0.12,-144.08472,0.87785,1106,64,,0.278,0.161
114,House,21156,13,19,NY,NY19,200,0,1,"GIBSON, Christopher",G000564,1964,,0.203,-0.455,-347.40836,0.733,1117,178,,0.205,-0.371
114,House,21157,13,22,NY,NY22,200,0,1,"HANNA, Richard",H001051,1951,2020.0,0.215,-0.145,-258.38534,0.777,1024,119,,0.199,-0.158
114,House,21342,13,6,NY,NY6,100,0,1,"MENG, Grace",M001188,1975,,-0.378,-0.209,-96.62064,0.9151,1089,34,,-0.38,-0.127
114,House,21343,13,8,NY,NY8,100,0,1,"JEFFRIES, Hakeem",J000294,1970,,-0.488,-0.095,-61.27363,0.94539,1091,24,,-0.481,-0.092
114,House,21344,13,18,NY,NY18,100,0,1,"MALONEY, Sean Patrick",M001185,1966,,-0.239,0.114,-196.9316,0.8373,1109,89,,-0.258,0.114
114,House,21345,13,27,NY,NY27,200,0,1,"COLLINS, Chris",C001092,1950,,0.357,0.236,-111.64046,0.90366,1102,49,,0.358,0.225
114,House,21539,13,1,NY,NY1,200,0,1,"ZELDIN, Lee M",Z000017,1980,,0.397,-0.132,-204.62315,0.83302,1120,81,,0.331,-0.071
114,House,21540,13,4,NY,NY4,100,0,1,"RICE, Kathleen Maura",R000602,1965,,-0.28,0.039,-152.0167,0.86756,1070,77,,-0.271,-0.09
114,House,21541,13,21,NY,NY21,200,0,1,"STEFANIK, Elise M",S001196,1984,,0.258,-0.027,-190.73065,0.84393,1124,79,,0.204,0.077
114,House,21542,13,24,NY,NY24,200,0,1,"KATKO, John",K000386,1962,,0.187,0.007,-235.52114,0.80928,1113,102,,0.197,-0.025
114,House,21560,13,11,NY,NY11,200,2,2,"DONOVAN, Daniel M., Jr.",D000625,1956,,0.227,0.095,-150.92566,0.84794,915,58,,0.217,0.144
114,House,29134,13,15,NY,NY15,100,0,1,"SERRANO, José E.",S000248,1943,,-0.491,-0.377,-63.82062,0.94456,1119,36,,-0.471,-0.31
114,House,29375,13,2,NY,NY2,200,0,1,"KING, Peter T.",K000210,1944,,0.259,-0.03,-174.63569,0.85538,1118,57,,0.22,0.255
114,House,29377,13,10,NY,NY10,100,0,1,"NADLER, Jerrold Lewis",N000002,1947,,-0.508,-0.499,-77.52356,0.9279,1036,42,,-0.47,-0.406
114,House,29378,13,7,NY,NY7,100,0,1,"VELÁZQUEZ, Nydia M.",V000081,1953,,-0.547,-0.343,-62.77871,0.94516,1113,23,,-0.503,-0.33
114,House,29379,13,12,NY,NY12,100,0,1,"MALONEY, Carolyn Bosher",M000087,1946,,-0.387,-0.284,-96.68919,0.91383,1073,36,,-0.378,-0.12
114,House,29776,13,5,NY,NY5,100,0,1,"MEEKS, Gregory W.",M001137,1953,,-0.414,-0.071,-100.93257,0.90204,979,32,,-0.397,0.006
114,House,29925,13,14,NY,NY14,100,0,1,"CROWLEY, Joseph",C001038,1962,,-0.412,-0.07,-82.14485,0.92715,1086,31,,-0.401,-0.129
114,House,15438,47,4,NC,NC4,100,0,1,"PRICE, David Eugene",P000523,1940,,-0.343,-0.03,-86.29019,0.92409,1093,28,,-0.447,0.015
114,House,20340,47,1,NC,NC1,100,0,1,"BUTTERFIELD, George Kenneth, Jr. (G.K.)",B001251,1947,,-0.404,0.184,-92.78775,0.91753,1078,32,,-0.441,0.183
114,House,20521,47,5,NC,NC5,200,0,1,"FOXX, Virginia Ann",F000450,1943,,0.627,0.149,-141.19463,0.87964,1101,69,,0.566,-0.095
114,House,20522,47,10,NC,NC10,200,0,1,"McHENRY, Patrick T.",M001156,1975,,0.536,0.106,-95.58878,0.91812,1119,36,,0.506,0.337
114,House,21159,47,2,NC,NC2,200,0,1,"ELLMERS, Renee",E000291,1964,,0.406,0.338,-143.7411,0.868,1018,63,,0.384,0.172
114,House,21346,47,8,NC,NC8,200,0,1,"HUDSON, Richard",H001067,1971,,0.541,0.136,-91.61094,0.9166,1052,42,,0.647,0.146
114,House,21347,47,9,NC,NC9,200,0,1,"PITTENGER, Robert",P000606,1948,,0.561,0.333,-87.25441,0.92421,1107,43,,0.535,0.291
114,House,21348,47,11,NC,NC11,200,0,1,"MEADOWS, Mark",M001187,1959,,0.605,-0.201,-126.69667,0.89213,1110,55,,0.62,-0.198
114,House,21349,47,13,NC,NC13,200,0,1,"HOLDING, George E.B.",H001065,1968,,0.604,0.165,-98.43318,0.91594,1121,51,,0.652,0.039
114,House,21543,47,6,NC,NC6,200,0,1,"WALKER, Bradley Mark",W000819,1969,,0.641,0.017,-98.37573,0.91475,1104,40,,0.619,-0.006
114,House,21544,47,7,NC,NC7,200,0,1,"ROUZER, David",R000603,1972,,0.566,0.173,-94.14263,0.91959,1123,51,,0.609,0.102
114,House,21545,47,12,NC,NC12,100,0,1,"ADAMS, Alma",A000370,1946,,-0.465,0.026,-54.88086,0.9486,1040,22,,-0.475,0.017
114,House,29546,47,3,NC,NC3,200,0,1,"JONES, Walter Beaman, Jr.",J000255,1943,2019.0,0.244,-0.362,-1060.08808,0.37778,1089,411,,0.416,-0.909
114,House,21350,36,1,ND,ND1,200,0,1,"CRAMER, Kevin",C001096,1961,,0.394,0.381,-99.1336,0.91367,1098,41,,0.396,0.263
114,House,15029,24,9,OH,OH9,100,0,1,"KAPTUR, Marcia Carolyn (Marcy)",K000009,1946,,-0.35,0.108,-138.94549,0.87886,1076,42,,-0.387,0.01
114,House,20130,24,12,OH,OH12,200,0,1,"TIBERI, Patrick (Pat)",T000462,1962,,0.386,-0.026,-121.38741,0.8947,1091,57,,0.349,0.302
114,House,20342,24,10,OH,OH10,200,0,1,"TURNER, Michael R.",T000463,1960,,0.275,0.217,-112.59909,0.89985,1067,52,,0.246,0.426
114,House,20343,24,13,OH,OH13,100,0,1,"RYAN, Timothy J.",R000577,1973,,-0.402,0.208,-126.94889,0.88939,1083,66,,-0.381,0.036
114,House,20738,24,4,OH,OH4,200,0,1,"JORDAN, Jim",J000289,1964,,0.718,-0.202,-118.72695,0.89856,1110,70,,0.744,-0.415
114,House,20755,24,5,OH,OH5,200,0,1,"LATTA, Robert E.",L000566,1956,,0.514,0.27,-79.72552,0.93123,1119,26,,0.541,0.216
114,House,20941,24,11,OH,OH11,100,0,1,"FUDGE, Marcia L.",F000455,1952,,-0.581,0.14,-93.47519,0.91803,1093,48,,-0.532,0.057
114,House,21162,24,6,OH,OH6,200,0,1,"JOHNSON, Bill",J000292,1954,,0.422,0.274,-98.59975,0.9158,1121,53,,0.383,0.435
114,House,21163,24,15,OH,OH15,200,0,1,"STIVERS, Steve",S001187,1965,,0.3,0.269,-104.0801,0.9078,1076,46,,0.314,0.344
114,House,21164,24,16,OH,OH16,200,0,1,"RENACCI, Jim",R000586,1958,,0.387,0.143,-143.40055,0.87932,1115,80,,0.372,0.18
114,House,21165,24,7,OH,OH7,200,0,1,"GIBBS, Bob",G000563,1954,,0.48,0.291,-90.15916,0.92272,1121,47,,0.486,0.347
114,House,21351,24,2,OH,OH2,200,0,1,"WENSTRUP, Brad",W000815,1958,,0.534,0.223,-106.156,0.90895,1112,44,,0.594,0.146
114,House,21352,24,3,OH,OH3,100,0,1,"BEATTY, Joyce",B001281,1950,,-0.434,0.044,-81.03402,0.92947,1108,22,,-0.437,0.11
114,House,21353,24,14,OH,OH14,200,0,1,"JOYCE, David",J000295,1957,,0.261,0.274,-122.03162,0.89454,1095,53,,0.273,0.22
114,House,21564,24,8,OH,OH8,200,2,2,"DAVIDSON, Warren",D000626,1970,,0.667,-0.357,-33.08129,0.88894,281,12,,0.733,-0.191
114,House,29137,24,8,OH,OH8,200,1,1,"BOEHNER, John Andrew",B000589,1949,,0.513,0.04,,,,,,0.149,0.91
114,House,29550,24,1,OH,OH1,200,0,1,"CHABOT, Steve",C000266,1953,,0.549,-0.151,-85.88996,0.92643,1124,27,,0.618,0.183
114,House,20344,53,4,OK,OK4,200,0,1,"COLE, Tom",C001053,1949,,0.329,0.37,-92.40834,0.92012,1110,26,,0.284,0.495
114,House,21354,53,1,OK,OK1,200,0,1,"BRIDENSTINE, Jim",B001283,1975,,0.689,-0.157,-132.75408,0.88737,1111,52,,0.651,-0.126
114,House,21355,53,2,OK,OK2,200,0,1,"MULLIN, Markwayne",M001190,1977,,0.538,0.234,-95.14278,0.91828,1116,44,,0.461,0.607
114,House,21546,53,5,OK,OK5,200,0,1,"RUSSELL, Steve",R000604,1963,,0.473,-0.183,-201.39297,0.83353,1106,66,,0.453,-0.021
114,House,29393,53,3,OK,OK3,200,0,1,"LUCAS, Frank D.",L000491,1960,,0.366,0.418,-75.70861,0.93486,1124,26,,0.351,0.537
114,House,15410,72,4,OR,OR4,100,0,1,"DeFAZIO, Peter Anthony",D000191,1947,,-0.427,-0.002,-232.79875,0.79805,1032,92,,-0.269,-0.366
114,House,20944,72,5,OR,OR5,100,0,1,"SCHRADER, Kurt",S001180,1951,,-0.182,0.055,-427.77424,0.67588,1092,188,,-0.156,-0.034
114,House,21198,72,1,OR,OR1,100,0,1,"BONAMICI, Suzanne",B001278,1954,,-0.394,-0.408,-80.01306,0.93027,1107,46,,-0.404,-0.385
114,House,29588,72,3,OR,OR3,100,0,1,"BLUMENAUER, Earl",B000574,1948,,-0.427,-0.661,-130.02687,0.88755,1090,53,,-0.388,-0.751
114,House,29932,72,2,OR,OR2,200,0,1,"WALDEN, Greg",W000791,1957,,0.333,-0.011,-112.26439,0.90479,1122,39,,0.348,0.12
114,House,20134,14,9,PA,PA9,200,0,1,"SHUSTER, William (Bill)",S001154,1961,,0.374,0.323,-106.33063,0.9092,1117,46,,0.323,0.403
114,House,20346,14,18,PA,PA18,200,0,1,"MURPHY, Timothy",M001151,1952,,0.258,0.198,-139.20934,0.88263,1115,59,,0.339,0.225
114,House,20524,14,8,PA,PA8,200,0,1,"FITZPATRICK, Michael G.",F000451,1963,2020.0,0.202,-0.186,-278.04712,0.774,1083,134,,0.221,-0.134
114,House,20526,14,15,PA,PA15,200,0,1,"DENT, Charles W.",D000604,1960,,0.244,-0.085,-208.8752,0.83041,1124,84,,0.225,0.071
114,House,20946,14,5,PA,PA5,200,0,1,"THOMPSON, Glenn",T000467,1959,,0.318,0.398,-153.96127,0.87178,1122,65,,0.322,0.187
114,House,21167,14,3,PA,PA3,200,0,1,"KELLY, Mike",K000376,1948,,0.365,0.416,-104.64547,0.91087,1121,40,,0.327,0.605
114,House,21168,14,7,PA,PA7,200,0,1,"MEEHAN, Patrick",M001181,1955,,0.22,0.076,-216.11429,0.82423,1118,101,,0.226,0.021
114,House,21170,14,10,PA,PA10,200,0,1,"MARINO, Thomas A.",M001179,1952,,0.352,0.477,-84.04382,0.92308,1050,26,,0.342,0.78
114,House,21171,14,11,PA,PA11,200,0,1,"BARLETTA, Lou",B001269,1956,,0.278,0.393,-122.93741,0.8901,1056,48,,0.306,0.421
114,House,21356,14,4,PA,PA4,200,0,1,"PERRY, Scott",P000605,1962,,0.664,-0.436,-138.20809,0.88371,1118,64,,0.681,-0.459
114,House,21357,14,12,PA,PA12,200,0,1,"ROTHFUS, Keith",R000598,1962,,0.498,0.044,-96.20051,0.91741,1116,43,,0.524,0.093
114,House,21358,14,17,PA,PA17,100,0,1,"CARTWRIGHT, Matt",C001090,1961,,-0.36,-0.028,-113.52793,0.90219,1103,42,,-0.395,-0.01
114,House,21547,14,6,PA,PA6,200,0,1,"COSTELLO, Ryan",C001106,1976,,0.217,-0.055,-208.60672,0.82895,1112,99,,0.21,-0.055
114,House,21548,14,13,PA,PA13,100,0,1,"BOYLE, Brendan Francis",B001296,1977,,-0.4,0.132,-131.17316,0.88563,1080,62,,-0.361,0.039
114,House,21566,14,2,PA,PA2,100,2,2,"EVANS, Dwight",E000296,1954,,-0.465,-0.095,-3.22383,0.89811,30,1,,-0.26,-0.13
114,House,29559,14,2,PA,PA2,100,1,1,"FATTAH, Chaka",F000043,1956,,-0.472,-0.054,-58.07576,0.919,687,22,,-0.436,-0.193
114,House,29561,14,14,PA,PA14,100,0,1,"DOYLE, Michael F.",D000482,1953,,-0.331,0.099,-134.58107,0.88253,1077,51,,-0.403,0.014
114,House,29752,14,16,PA,PA16,200,0,1,"PITTS, Joseph R.",P000373,1939,,0.538,0.012,-115.46484,0.9,1098,49,,0.492,0.093
114,House,29777,14,1,PA,PA1,100,0,1,"BRADY, Robert A.",B001227,1945,,-0.484,0.225,-89.61206,0.91966,1070,47,,-0.459,0.013
114,House,20136,5,2,RI,RI2,100,0,1,"LANGEVIN, James",L000559,1964,,-0.375,0.114,-121.23015,0.89671,1112,57,,-0.373,0.102
114,House,21172,5,1,RI,RI1,100,0,1,"CICILLINE, David N.",C001084,1961,,-0.388,-0.267,-70.67537,0.93826,1109,25,,-0.386,-0.276
114,House,20138,48,2,SC,SC2,200,0,1,"WILSON, Addison Graves (Joe)",W000795,1947,,0.531,0.139,-84.33688,0.92696,1112,32,,0.513,0.509
114,House,21174,48,3,SC,SC3,200,0,1,"DUNCAN, Jeff",D000615,1966,,0.706,-0.09,-129.71729,0.88741,1086,51,,0.683,-0.303
114,House,21175,48,4,SC,SC4,200,0,1,"GOWDY, Trey",G000566,1964,,0.655,-0.002,-70.87642,0.93602,1072,26,,0.641,0.134
114,House,21176,48,5,SC,SC5,200,0,1,"MULVANEY, Mick",M001182,1967,,0.75,-0.592,-143.49656,0.87654,1089,77,,0.739,-0.674
114,House,21359,48,7,SC,SC7,200,0,1,"RICE, Tom",R000597,1957,,0.564,-0.216,-165.27942,0.86223,1115,76,,0.563,-0.297
114,House,29565,48,1,SC,SC1,200,0,1,"SANFORD, Mark",S000051,1960,,0.686,-0.728,-272.18674,0.78115,1102,132,,0.919,-0.395
114,House,39301,48,6,SC,SC6,100,0,1,"CLYBURN, James Enos",C000537,1940,,-0.464,0.254,-92.36241,0.91745,1072,47,,-0.487,0.232
114,House,21177,37,1,SD,SD1,200,0,1,"NOEM, Kristi",N000184,1971,,0.398,0.326,-113.04443,0.90259,1103,58,,0.417,0.353
114,House,15019,54,5,TN,TN5,100,0,1,"COOPER, James Hayes Shofner",C000754,1954,,-0.164,-0.033,-362.16743,0.72118,1108,143,,-0.171,0.026
114,House,15455,54,2,TN,TN2,200,0,1,"DUNCAN, John J., Jr.",D000533,1947,,0.604,-0.476,-351.9388,0.72787,1108,132,,0.919,-0.395
114,House,20351,54,7,TN,TN7,200,0,1,"BLACKBURN, Marsha",B001243,1952,,0.627,0.152,-72.55244,0.93589,1095,21,,0.668,0.172
114,House,20748,54,9,TN,TN9,100,0,1,"COHEN, Stephen",C001068,1949,,-0.398,-0.352,-120.18401,0.89623,1097,49,,-0.343,-0.489
114,House,20947,54,1,TN,TN1,200,0,1,"ROE, David P. (Phil)",R000582,1945,,0.486,0.024,-82.32968,0.92296,1027,34,,0.578,0.056
114,House,21178,54,3,TN,TN3,200,0,1,"FLEISCHMANN, Chuck",F000459,1962,,0.459,0.291,-90.25595,0.92251,1119,43,,0.488,0.395
114,House,21179,54,4,TN,TN4,200,0,1,"DESJARLAIS, Scott",D000616,1964,,0.578,-0.074,-127.35085,0.88858,1078,53,,0.703,-0.336
114,House,21180,54,6,TN,TN6,200,0,1,"BLACK, Diane",B001273,1951,,0.58,0.219,-72.9603,0.93403,1069,22,,0.623,0.289
114,House,21181,54,8,TN,TN8,200,0,1,"FINCHER, Stephen Lee",F000458,1973,,0.526,0.181,-99.54881,0.889,845,43,,0.5,0.107
114,House,15085,49,6,TX,TX6,200,0,1,"BARTON, Joe Linus",B000213,1949,,0.528,0.047,-112.83661,0.90242,1099,49,,0.489,0.184
114,House,15445,49,21,TX,TX21,200,0,1,"SMITH, Lamar Seeligson",S000583,1947,,0.425,0.061,-109.8227,0.90564,1108,48,,0.57,0.244
114,House,20139,49,7,TX,TX7,200,0,1,"CULBERSON, John",C001048,1956,,0.503,0.366,-123.50565,0.89118,1072,54,,0.515,0.241
114,House,20352,49,5,TX,TX5,200,0,1,"HENSARLING, Jeb",H001036,1957,,0.703,0.04,-77.32516,0.93288,1113,29,,0.641,0.206
114,House,20353,49,19,TX,TX19,200,0,1,"NEUGEBAUER, Randy",N000182,1949,,0.628,0.322,-79.75961,0.931,1117,32,,0.665,0.158
114,House,20355,49,26,TX,TX26,200,0,1,"BURGESS, Michael C.",B001248,1950,,0.574,-0.201,-169.77623,0.85934,1120,87,,0.671,-0.452
114,House,20356,49,31,TX,TX31,200,0,1,"CARTER, John R.",C001051,1941,,0.481,0.584,-84.84393,0.92252,1052,47,,0.48,0.877
114,House,20527,49,1,TX,TX1,200,0,1,"GOHMERT, Louie",G000552,1953,,0.642,-0.398,-152.94106,0.86658,1068,64,,0.724,-0.438
114,House,20528,49,2,TX,TX2,200,0,1,"POE, Ted",P000592,1948,,0.594,-0.029,-154.06585,0.85116,956,72,,0.537,-0.192
114,House,20529,49,9,TX,TX9,100,0,1,"GREEN, Al",G000553,1947,,-0.438,0.294,-130.53852,0.88733,1092,60,,-0.469,0.33
114,House,20530,49,10,TX,TX10,200,0,1,"McCAUL, Michael T.",M001157,1962,,0.424,0.111,-110.24752,0.90529,1108,44,,0.505,0.318
114,House,20531,49,11,TX,TX11,200,0,1,"CONAWAY, K. Michael",C001062,1948,,0.593,0.367,-84.27458,0.92783,1125,33,,0.582,0.296
114,House,20532,49,24,TX,TX24,200,0,1,"MARCHANT, Kenny",M001158,1951,,0.6,0.154,-98.0964,0.91224,1068,44,,0.634,0.063
114,House,20533,49,28,TX,TX28,100,0,1,"CUELLAR, Henry",C001063,1955,,-0.229,0.618,-292.70483,0.76393,1087,124,,-0.24,0.765
114,House,20948,49,22,TX,TX22,200,0,1,"OLSON, Pete",O000168,1962,,0.548,0.308,-69.52697,0.93918,1108,21,,0.602,0.249
114,House,21182,49,17,TX,TX17,200,0,1,"FLORES, Bill",F000461,1954,,0.572,0.293,-76.94507,0.93309,1111,40,,0.61,0.29
114,House,21184,49,27,TX,TX27,200,0,1,"FARENTHOLD, Blake",F000460,1961,,0.548,0.016,-134.64619,0.88673,1120,64,,0.585,-0.133
114,House,21360,49,14,TX,TX14,200,0,1,"WEBER, Randy",W000814,1953,,0.731,0.002,-171.10143,0.85856,1122,70,,0.644,-0.153
114,House,21361,49,16,TX,TX16,100,0,1,"O'ROURKE, Beto",O000170,1972,,-0.304,-0.331,-127.65371,0.88724,1067,45,,-0.299,-0.285
114,House,21362,49,20,TX,TX20,100,0,1,"CASTRO, Joaquin",C001091,1974,,-0.401,-0.041,-85.62787,0.9214,1046,26,,-0.418,0.015
114,House,21364,49,25,TX,TX25,200,0,1,"WILLIAMS, Roger",W000816,1949,,0.586,0.139,-83.46804,0.92393,1055,34,,0.614,0.208
114,House,21365,49,33,TX,TX33,100,0,1,"VEASEY, Marc",V000131,1971,,-0.4,0.283,-146.6268,0.87636,1111,77,,-0.391,0.264
114,House,21366,49,34,TX,TX34,100,0,1,"VELA, Filemon",V000132,1963,,-0.311,0.407,-229.15702,0.8124,1103,103,,-0.321,0.424
114,House,21549,49,4,TX,TX4,200,0,1,"RATCLIFFE, John",R000601,1965,,0.693,0.113,-85.91742,0.92635,1123,42,,0.737,0.082
114,House,21550,49,23,TX,TX23,200,0,1,"HURD, William Ballard",H001073,1977,,0.287,0.228,-137.10032,0.88507,1123,67,,0.414,0.213
114,House,21551,49,36,TX,TX36,200,0,1,"BABIN, Brian",B001291,1948,,0.708,0.089,-87.00905,0.92461,1110,45,,0.713,0.064
114,House,29143,49,3,TX,TX3,200,0,1,"JOHNSON, Sam",J000174,1930,2020.0,0.61,0.277,-73.39637,0.9309,1025,30,,0.658,0.125
114,House,29571,49,35,TX,TX35,100,0,1,"DOGGETT, Lloyd Alton, II",D000399,1946,,-0.402,-0.316,-129.78785,0.88993,1113,49,,-0.401,-0.215
114,House,29572,49,13,TX,TX13,200,0,1,"THORNBERRY, William McClellan (Mac)",T000238,1958,,0.525,0.313,-94.58222,0.91881,1117,42,,0.442,0.807
114,House,29573,49,18,TX,TX18,100,0,1,"JACKSON LEE, Sheila",J000032,1950,,-0.46,0.124,-121.8187,0.8852,999,47,,-0.484,0.214
114,House,29759,49,32,TX,TX32,200,0,1,"SESSIONS, Pete",S000250,1955,,0.59,0.139,-75.48774,0.93397,1105,25,,0.6,0.384
114,House,29760,49,8,TX,TX8,200,0,1,"BRADY, Kevin Patrick",B000755,1955,,0.52,0.235,-69.85715,0.93731,1079,27,,0.518,0.51
114,House,29762,49,12,TX,TX12,200,0,1,"GRANGER, Kay",G000377,1943,,0.402,0.234,-94.99261,0.91374,1053,41,,0.393,0.82
114,House,29763,49,15,TX,TX15,100,0,1,"HINOJOSA, Rubén",H000636,1940,,-0.34,0.235,-128.93825,0.863,873,51,,-0.397,0.189
114,House,39304,49,29,TX,TX29,100,0,1,"GREEN, Raymond Eugene (Gene)",G000410,1947,,-0.324,0.453,-275.63,0.77438,1078,121,,-0.353,0.465
114,House,39305,49,30,TX,TX30,100,0,1,"JOHNSON, Eddie Bernice",J000126,1935,,-0.485,0.198,-126.24026,0.8858,1041,57,,-0.529,0.245
114,House,20357,67,1,UT,UT1,200,0,1,"BISHOP, Robert (Rob)",B001250,1951,,0.537,0.105,-119.79062,0.89427,1072,40,,0.529,0.107
114,House,20949,67,3,UT,UT3,200,0,1,"CHAFFETZ, Jason",C001076,1967,,0.647,-0.278,-149.04672,0.87098,1079,71,,0.567,-0.194
114,House,21367,67,2,UT,UT2,200,0,1,"STEWART, Chris",S001192,1960,,0.507,0.165,-108.49909,0.90566,1095,38,,0.548,0.112
114,House,21552,67,4,UT,UT4,200,0,1,"LOVE, Ludmya Bourdeau (Mia)",L000584,1975,,0.542,-0.056,-106.21871,0.90859,1108,45,,0.582,-0.058
114,House,20750,6,1,VT,VT1,100,0,1,"WELCH, Peter",W000800,1947,,-0.407,-0.356,-122.36106,0.89427,1095,51,,-0.405,-0.506
114,House,20143,40,4,VA,VA4,200,0,1,"FORBES, J. Randy",F000445,1952,,0.407,0.218,-99.8446,0.909,1041,48,,0.506,0.19
114,House,20756,40,1,VA,VA1,200,0,1,"WITTMAN, Robert J.",W000804,1959,,0.445,0.004,-140.90755,0.88168,1119,62,,0.555,-0.018
114,House,20952,40,11,VA,VA11,100,0,1,"CONNOLLY, Gerald E. (Gerry)",C001078,1950,,-0.306,-0.019,-121.47688,0.89704,1118,60,,-0.308,-0.074
114,House,21185,40,2,VA,VA2,200,0,1,"RIGELL, E. Scott",R000589,1960,,0.405,-0.084,-184.52576,0.848,1116,81,,0.336,0.041
114,House,21186,40,5,VA,VA5,200,0,1,"HURT, Robert",H001060,1969,,0.568,0.0,-107.94951,0.905,1085,39,,0.57,-0.113
114,House,21191,40,9,VA,VA9,200,0,1,"GRIFFITH, H. Morgan",G000568,1958,,0.535,-0.403,-246.84657,0.80109,1113,113,,0.565,-0.516
114,House,21553,40,7,VA,VA7,200,0,1,"BRAT, David A.",B001290,1964,,0.829,-0.325,-115.53826,0.89872,1082,38,,0.846,-0.302
114,House,21554,40,8,VA,VA8,100,0,1,"BEYER, Donald Sternoff Jr.",B001292,1950,,-0.386,-0.054,-112.06989,0.90204,1087,45,,-0.363,-0.147
114,House,21555,40,10,VA,VA10,200,0,1,"COMSTOCK, Barbara J.",C001105,1959,,0.276,0.389,-110.45449,0.90536,1111,37,,0.269,0.542
114,House,39307,40,3,VA,VA3,100,0,1,"SCOTT, Robert C.",S000185,1947,,-0.45,0.016,-87.96759,0.92414,1115,23,,-0.456,-0.004
114,House,39308,40,6,VA,VA6,200,0,1,"GOODLATTE, Robert William",G000289,1952,,0.496,-0.002,-102.44023,0.91207,1113,36,,0.565,0.139
114,House,15613,73,7,WA,WA7,100,0,1,"McDERMOTT, James A.",M000404,1936,,-0.666,-0.197,-108.50771,0.905,1083,51,,-0.492,-0.559
114,House,20145,73,2,WA,WA2,100,0,1,"LARSEN, Richard Ray (Rick)",L000560,1965,,-0.365,0.186,-138.27995,0.88356,1117,60,,-0.346,0.048
114,House,20535,73,5,WA,WA5,200,0,1,"McMORRIS RODGERS, Cathy",M001159,1969,,0.422,0.134,-95.32936,0.9182,1117,32,,0.434,0.254
114,House,20536,73,8,WA,WA8,200,0,1,"REICHERT, David G.",R000578,1950,,0.224,-0.146,-246.12425,0.79771,1089,110,,0.225,-0.045
114,House,21187,73,3,WA,WA3,200,0,1,"HERRERA BEUTLER, Jaime",H001056,1978,,0.343,-0.141,-171.98569,0.82247,880,80,,0.383,-0.238
114,House,21368,73,6,WA,WA6,100,0,1,"KILMER, Derek",K000381,1974,,-0.31,-0.016,-106.85572,0.90931,1124,56,,-0.298,-0.094
114,House,21369,73,10,WA,WA10,100,0,1,"HECK, Denny",H001064,1952,,-0.312,-0.128,-101.54772,0.9134,1121,39,,-0.325,-0.041
114,House,21556,73,4,WA,WA4,200,0,1,"NEWHOUSE, Daniel Milton",N000189,1955,,0.333,0.276,-128.08504,0.89194,1120,57,,0.369,0.192
114,House,29768,73,9,WA,WA9,100,0,1,"SMITH, Adam",S000510,1965,,-0.286,-0.161,-120.84299,0.875,905,44,,-0.467,0.095
114,House,31101,73,1,WA,WA1,100,0,1,"DelBENE, Suzan K.",D000617,1962,,-0.285,-0.203,-104.44111,0.91112,1122,42,,-0.309,-0.187
114,House,21188,56,1,WV,WV1,200,0,1,"McKINLEY, David",M001180,1947,,0.301,0.175,-187.34449,0.84559,1117,88,,0.331,0.095
114,House,21557,56,2,WV,WV2,200,0,1,"MOONEY, Alex X.",M001195,1971,,0.559,-0.211,-157.3158,0.86841,1115,60,,0.563,-0.224
114,House,21558,56,3,WV,WV3,200,0,1,"JENKINS, Evan H.",J000297,1960,,0.315,0.308,-116.70115,0.90037,1112,65,,0.307,0.286
114,House,14657,25,5,WI,WI5,200,0,1,"SENSENBRENNER, Frank James, Jr.",S000244,1943,,0.638,-0.579,-190.88071,0.84394,1125,85,,0.667,-0.538
114,House,20537,25,4,WI,WI4,100,0,1,"MOORE, Gwendolynne S. (Gwen)",M001160,1951,,-0.525,-0.252,-84.48603,0.92241,1046,38,,-0.475,-0.285
114,House,21189,25,7,WI,WI7,200,0,1,"DUFFY, Sean",D000614,1971,,0.511,-0.109,-127.25011,0.88797,1071,52,,0.524,-0.116
114,House,21190,25,8,WI,WI8,200,0,1,"RIBBLE, Reid",R000587,1956,,0.603,-0.333,-208.95525,0.827,1099,84,,0.539,-0.341
114,House,21370,25,2,WI,WI2,100,0,1,"POCAN, Mark",P000607,1964,,-0.535,-0.554,-53.48751,0.95245,1098,29,,-0.547,-0.419
114,House,21559,25,6,WI,WI6,200,0,1,"GROTHMAN, Glenn",G000576,1955,,0.6,-0.27,-156.37625,0.86881,1112,71,,0.591,-0.236
114,House,29769,25,3,WI,WI3,100,0,1,"KIND, Ron",K000188,1963,,-0.26,-0.08,-199.39689,0.82998,1070,93,,-0.251,-0.079
114,House,29939,25,1,WI,WI1,200,0,1,"RYAN, Paul D.",R000570,1970,,0.556,-0.25,-62.71176,0.88514,514,21,,0.485,0.163
114,House,20953,68,1,WY,WY1,200,0,1,"LUMMIS, Cynthia M.",L000571,1954,,0.69,-0.358,-159.12223,0.86611,1107,74,,0.717,-0.496