State,Congressional District ID,Congressional District Name,Number,Percent,Number,Percent
New York,3615,Congressional District 15,278534,0.361882388591766,463668,0.602415800094604
Michigan,2613,Congressional District 13,196831,0.295968651771545,325773,0.489854753017426
Kentucky,2105,Congressional District 5,195261,0.291033387184143,336103,0.500956118106842
Texas,4834,Congressional District 34,197218,0.27774366736412,350383,0.493447154760361
Louisiana,2202,Congressional District 2,210533,0.270535290241241,363722,0.467383444309235
California,616,Congressional District 16,189477,0.267389476299286,353668,0.499095410108566
Mississippi,2802,Congressional District 2,175751,0.261545121669769,329629,0.490539789199829
Pennsylvania,4202,Congressional District 2,180038,0.259588688611984,290442,0.418775260448456
Texas,4815,Congressional District 15,198707,0.257009983062744,370435,0.479124993085861
Ohio,3911,Congressional District 11,167556,0.255715817213058,285767,0.436123698949814
New York,3613,Congressional District 13,201488,0.254222691059113,352645,0.444941431283951
Louisiana,2205,Congressional District 5,173578,0.250953853130341,312838,0.452291756868362
Georgia,1302,Congressional District 2,158438,0.249537348747253,284250,0.447689265012741
California,621,Congressional District 21,169651,0.247301787137985,359395,0.523893296718597
Alabama,107,Congressional District 7,158994,0.246322453022003,293373,0.454509973526001
Arizona,407,Congressional District 7,198403,0.242103680968285,402123,0.490695506334305
Texas,4829,Congressional District 29,182845,0.241055905818939,377665,0.497899204492569
Tennessee,4709,Congressional District 9,163877,0.240349471569061,301178,0.441721379756927
Pennsylvania,4201,Congressional District 1,170629,0.239434272050858,288712,0.405133634805679
South Carolina,4506,Congressional District 6,149620,0.237659558653831,287008,0.45588955283165
Texas,4828,Congressional District 28,176085,0.236026853322983,331604,0.444486737251282
West Virginia,5403,Congressional District 3,131936,0.232847824692726,244659,0.431787490844727
Louisiana,2204,Congressional District 4,169367,0.232139647006989,322263,0.441703647375107
New York,3607,Congressional District 7,171279,0.22958205640316,312575,0.418974936008453
California,640,Congressional District 40,165889,0.225799471139908,349181,0.475286990404129
Wisconsin,5504,Congressional District 4,155139,0.224664926528931,298009,0.431562483310699
Texas,4818,Congressional District 18,174741,0.224270164966583,353533,0.453739583492279
California,634,Congressional District 34,165549,0.221400037407875,331403,0.443207979202271
Florida,1205,Congressional District 5,153615,0.219821810722351,297529,0.425761580467224
Ohio,3903,Congressional District 3,166446,0.219422191381454,296704,0.391138523817062
New Mexico,3503,Congressional District 3,149121,0.217635154724121,266842,0.38944348692894
New Mexico,3502,Congressional District 2,145364,0.216360867023468,292405,0.435217797756195
Illinois,1707,Congressional District 7,142629,0.211803644895554,250069,0.371351718902588
Texas,4833,Congressional District 33,158095,0.211523801088333,354701,0.474573522806168
New York,3608,Congressional District 8,165692,0.21111886203289,289323,0.36864510178566
North Carolina,3701,Congressional District 1,153453,0.210875436663628,291306,0.400313317775726
Michigan,2614,Congressional District 14,142741,0.208713129162788,262198,0.383380860090256
Florida,1224,Congressional District 24,155331,0.204862698912621,339026,0.447134077548981
Texas,4816,Congressional District 16,147541,0.202613055706024,304259,0.417828559875488
Missouri,2908,Congressional District 8,142608,0.201129987835884,295331,0.4165258705616
Arizona,403,Congressional District 3,149031,0.2000582665205,326594,0.438417702913284
California,651,Congressional District 51,141754,0.199043780565262,297441,0.417651563882828
Ohio,3909,Congressional District 9,139941,0.198629453778267,264165,0.374950498342514
Georgia,1308,Congressional District 8,133792,0.197489455342293,261705,0.386300981044769
Indiana,1807,Congressional District 7,146135,0.197455450892448,305734,0.413103252649307
Georgia,1312,Congressional District 12,135186,0.196986898779869,262855,0.383020371198654
Oklahoma,4002,Congressional District 2,141549,0.19649375975132,304361,0.422504156827927
Mississippi,2803,Congressional District 3,142020,0.196284383535385,266664,0.368553578853607
Arkansas,504,Congressional District 4,134200,0.195201426744461,285395,0.415123015642166
Texas,4835,Congressional District 35,158277,0.194955304265022,325439,0.400854587554932
Texas,4830,Congressional District 30,146458,0.193131253123283,309996,0.408785581588745
South Carolina,4507,Congressional District 7,135624,0.192491054534912,281643,0.39973571896553
Arizona,401,Congressional District 1,140579,0.192223757505417,269837,0.36896750330925
Georgia,1305,Congressional District 5,142775,0.191667959094048,274877,0.369007974863052
Illinois,1713,Congressional District 13,124030,0.188785210251808,216388,0.329362690448761
Nevada,3201,Congressional District 1,133592,0.188306272029877,290419,0.409363716840744
New York,3626,Congressional District 26,130222,0.187496587634087,231899,0.333893418312073
Massachusetts,2507,Congressional District 7,141638,0.187070250511169,242830,0.320720911026001
Virginia,5109,Congressional District 9,126607,0.186910763382912,245591,0.362567663192749
Illinois,1702,Congressional District 2,129439,0.186851307749748,246012,0.355129927396774
California,644,Congressional District 44,132474,0.186476990580559,308354,0.434054434299469
Michigan,2605,Congressional District 5,124574,0.186252146959305,240415,0.359447479248047
Arkansas,501,Congressional District 1,128716,0.186208665370941,268632,0.388619959354401
California,637,Congressional District 37,129856,0.185427248477936,246965,0.352652490139008
Texas,4801,Congressional District 1,126208,0.183062165975571,255254,0.370240807533264
Texas,4817,Congressional District 17,135063,0.18260270357132,261530,0.353583753108978
Illinois,1712,Congressional District 12,122204,0.182335793972015,222689,0.33226552605629
Florida,1203,Congressional District 3,128260,0.181951269507408,246027,0.349017053842545
California,608,Congressional District 8,127954,0.181854352355003,257822,0.366429001092911
Alabama,102,Congressional District 2,117807,0.180466085672379,234476,0.359188914299011
Kentucky,2101,Congressional District 1,124257,0.18035601079464,254448,0.36932510137558
Mississippi,2804,Congressional District 4,134817,0.179921761155128,274123,0.365834385156631
California,606,Congressional District 6,135037,0.178859084844589,277010,0.366905033588409
California,636,Congressional District 36,129747,0.178540512919426,275724,0.379414588212967
Illinois,1701,Congressional District 1,126682,0.178496748209,237564,0.334731072187424
Texas,4809,Congressional District 9,140078,0.178418770432472,311906,0.39727783203125
California,623,Congressional District 23,129467,0.17840488255024,266066,0.366637647151947
Missouri,2901,Congressional District 1,126348,0.178272813558578,253008,0.356985837221146
Alabama,103,Congressional District 3,122428,0.177671357989311,251626,0.365167558193207
California,622,Congressional District 22,133283,0.177499085664749,275211,0.366511106491089
Louisiana,2203,Congressional District 3,137035,0.176867514848709,278418,0.359346866607666
Florida,1220,Congressional District 20,134171,0.176483437418938,299976,0.394577026367188
Florida,1214,Congressional District 14,134365,0.176313281059265,257535,0.337936520576477
Alabama,104,Congressional District 4,119227,0.176134452223778,242308,0.357962429523468
Texas,4820,Congressional District 20,139412,0.175868704915047,292810,0.369380801916122
Ohio,3913,Congressional District 13,121115,0.174534901976585,248727,0.358432412147522
West Virginia,5401,Congressional District 1,101608,0.173052594065666,193204,0.329053342342377
Virginia,5103,Congressional District 3,122872,0.172576189041138,232268,0.326225072145462
North Carolina,3707,Congressional District 7,135087,0.172405570745468,278867,0.355905622243881
Texas,4823,Congressional District 23,127836,0.171212524175644,283166,0.379248142242432
California,601,Congressional District 1,118506,0.170599117875099,235598,0.339162677526474
Alabama,101,Congressional District 1,119104,0.170360788702965,236816,0.338730543851852
California,646,Congressional District 46,122354,0.170092731714249,267930,0.372467994689941
Texas,4819,Congressional District 19,117599,0.169802606105804,245014,0.353778660297394
North Carolina,3705,Congressional District 5,124060,0.168921500444412,247225,0.336624354124069
West Virginia,5402,Congressional District 2,102757,0.168814703822136,199605,0.327921777963638
New Jersey,3410,Congressional District 10,127702,0.167564392089844,258048,0.338598132133484
North Carolina,3703,Congressional District 3,120274,0.167356833815575,235912,0.328262835741043
South Carolina,4503,Congressional District 3,111340,0.167318612337112,240188,0.360947757959366
Pennsylvania,4214,Congressional District 14,110505,0.167318239808083,217002,0.328567892313004
District of Columbia,1198,Delegate District (at Large),109920,0.166383609175682,178923,0.270832002162933
California,643,Congressional District 43,122701,0.166270524263382,263096,0.356517970561981
Tennessee,4701,Congressional District 1,115563,0.166037365794182,261300,0.375427812337875
Illinois,1717,Congressional District 17,110519,0.165810003876686,223308,0.335025668144226
Kentucky,2106,Congressional District 6,123953,0.165736719965935,238481,0.318871319293976
Georgia,1301,Congressional District 1,119759,0.165725886821747,251870,0.348544836044312
Oklahoma,4005,Congressional District 5,132844,0.165723338723183,279023,0.348082154989243
Maryland,2407,Congressional District 7,115285,0.165687695145607,204629,0.294092953205109
Oregon,4104,Congressional District 4,130235,0.165428400039673,267205,0.339411795139313
Michigan,2612,Congressional District 12,112575,0.164159491658211,208610,0.30419996380806
California,629,Congressional District 29,116020,0.163915663957596,266368,0.376330703496933
California,635,Congressional District 35,117134,0.163161545991898,263766,0.367412269115448
Arizona,409,Congressional District 9,123137,0.163061678409576,235939,0.312437444925308
Florida,1225,Congressional District 25,125129,0.162274435162544,283342,0.367454081773758
Florida,1210,Congressional District 10,130949,0.159531056880951,304976,0.371542692184448
New York,3610,Congressional District 10,113976,0.159512966871262,209102,0.292644768953323
Mississippi,2801,Congressional District 1,118631,0.159230262041092,254298,0.341326773166656
Ohio,3901,Congressional District 1,114096,0.158610954880714,201998,0.280808240175247
Illinois,1704,Congressional District 4,110042,0.157999619841576,257701,0.370010197162628
Florida,1202,Congressional District 2,108362,0.157886832952499,226380,0.329842776060104
Oklahoma,4003,Congressional District 3,116718,0.157497808337212,247813,0.334395736455917
Georgia,1310,Congressional District 10,111380,0.157080546021461,225331,0.317786991596222
California,631,Congressional District 31,115922,0.156758114695549,237606,0.321308016777039
New Mexico,3501,Congressional District 1,107270,0.156110838055611,223535,0.325312167406082
Texas,4827,Congressional District 27,112653,0.155786991119385,244851,0.338602602481842
California,647,Congressional District 47,111335,0.155429378151894,214828,0.299910932779312
New York,3609,Congressional District 9,115616,0.155420407652855,232925,0.313116699457169
Washington,5304,Congressional District 4,110452,0.15472349524498,247546,0.346767663955688
New Jersey,3408,Congressional District 8,118935,0.154685437679291,265721,0.34559354186058
New York,3623,Congressional District 23,100908,0.152730077505112,210153,0.318078696727753
Missouri,2907,Congressional District 7,114021,0.150952607393265,264006,0.349518030881882
Florida,1227,Congressional District 27,112304,0.150436088442802,248403,0.332746624946594
Florida,1215,Congressional District 15,119016,0.150201991200447,270892,0.341874331235886
Kentucky,2102,Congressional District 2,109874,0.149406105279922,233926,0.31809139251709
South Carolina,4505,Congressional District 5,105240,0.149317681789398,220903,0.313423842191696
Tennessee,4703,Congressional District 3,106382,0.149298220872879,233709,0.327991008758545
Virginia,5104,Congressional District 4,110089,0.14880833029747,220891,0.298580437898636
North Carolina,3709,Congressional District 9,114733,0.148626536130905,216454,0.280397176742554
Pennsylvania,4205,Congressional District 5,96351,0.14851975440979,199222,0.30708971619606
Ohio,3906,Congressional District 6,99956,0.148471415042877,211370,0.313962161540985
New York,3625,Congressional District 25,102852,0.14823354780674,191876,0.276537746191025
California,609,Congressional District 9,112837,0.148218154907227,232923,0.305958300828934
Indiana,1801,Congressional District 1,102950,0.147904768586159,200741,0.288397759199142
New York,3622,Congressional District 22,98040,0.147779911756516,198613,0.299377918243408
North Carolina,3713,Congressional District 13,112397,0.147550255060196,242016,0.317708879709244
North Carolina,3706,Congressional District 6,110885,0.147013589739799,238686,0.316454768180847
Ohio,3910,Congressional District 10,101976,0.146935880184174,219659,0.316503763198853
Missouri,2905,Congressional District 5,111214,0.146815806627274,238466,0.314803689718246
Minnesota,2705,Congressional District 5,103103,0.146783798933029,205850,0.293060779571533
Georgia,1314,Congressional District 14,102770,0.146623879671097,246187,0.351239591836929
Michigan,2604,Congressional District 4,97860,0.145251274108887,219415,0.325672477483749
New Jersey,3409,Congressional District 9,110859,0.144827768206596,225072,0.294037252664566
Florida,1206,Congressional District 6,108762,0.144765272736549,239192,0.31837123632431
Arkansas,503,Congressional District 3,114211,0.144676372408867,257924,0.326724290847778
Florida,1209,Congressional District 9,124114,0.144525304436684,305437,0.355667978525162
Florida,1226,Congressional District 26,113422,0.144237279891968,266159,0.338470935821533
Indiana,1808,Congressional District 8,98616,0.1440349817276,204148,0.29817122220993
Oregon,4103,Congressional District 3,118655,0.143469303846359,224831,0.271849870681763
Pennsylvania,4213,Congressional District 13,102777,0.14318373799324,190511,0.265410333871841
Tennessee,4705,Congressional District 5,107511,0.143110632896423,221585,0.294957429170609
New York,3624,Congressional District 24,96596,0.142733871936798,198658,0.293544501066208
Georgia,1304,Congressional District 4,107937,0.142458558082581,239509,0.316111296415329
California,613,Congressional District 13,106260,0.142129704356194,210448,0.281487971544266
Massachusetts,2501,Congressional District 1,100985,0.141990408301353,201754,0.283677101135254
Florida,1217,Congressional District 17,107804,0.141608491539955,241631,0.317400127649307
Tennessee,4702,Congressional District 2,103424,0.141521036624908,221257,0.302758753299713
Louisiana,2201,Congressional District 1,112361,0.141512587666512,227011,0.285908073186874
Washington,5305,Congressional District 5,97503,0.141492635011673,208656,0.302793622016907
Georgia,1303,Congressional District 3,102161,0.140947684645653,222603,0.307116985321045
North Carolina,3711,Congressional District 11,104530,0.140811115503311,242417,0.326557040214539
Texas,4813,Congressional District 13,94867,0.140378579497337,225041,0.333002358675003
Oklahoma,4001,Congressional District 1,111094,0.140304207801819,249054,0.314538359642029
Kentucky,2103,Congressional District 3,102498,0.140271216630936,204111,0.279331296682358
Missouri,2904,Congressional District 4,102547,0.139876931905746,233685,0.31875279545784
Texas,4836,Congressional District 36,100567,0.139251098036766,221942,0.307314187288284
Arizona,402,Congressional District 2,97124,0.139046534895897,213232,0.305271297693253
Kansas,2001,Congressional District 1,92739,0.138540685176849,220709,0.329712182283401
Oregon,4102,Congressional District 2,111177,0.138419643044472,250369,0.311719059944153
Tennessee,4704,Congressional District 4,105786,0.138232663273811,222310,0.29049688577652
California,641,Congressional District 41,103304,0.138149797916412,254426,0.340247243642807
North Carolina,3710,Congressional District 10,103026,0.138092339038849,252436,0.338356137275696
Texas,4814,Congressional District 14,100604,0.138052359223366,206869,0.283872932195663
Alabama,105,Congressional District 5,96615,0.137847542762756,210898,0.300903290510178
California,628,Congressional District 28,98485,0.137843430042267,207459,0.290367692708969
Colorado,803,Congressional District 3,100485,0.137222856283188,221627,0.302655011415482
Indiana,1802,Congressional District 2,95916,0.136957317590714,203914,0.291166365146637
North Carolina,3708,Congressional District 8,104913,0.136842086911201,243118,0.317108243703842
Nevada,3204,Congressional District 4,100679,0.136798441410065,213608,0.290241658687592
Illinois,1715,Congressional District 15,91994,0.136499539017677,200780,0.297914832830429
California,624,Congressional District 24,95897,0.136313170194626,196571,0.279416620731354
California,603,Congressional District 3,98850,0.136060133576393,208636,0.287172913551331
Delaware,1000,Congressional District (at Large),126986,0.135821595788002,248617,0.265915602445602
Texas,4805,Congressional District 5,100932,0.135649800300598,257422,0.345968008041382
New Jersey,3402,Congressional District 2,93870,0.135628923773766,178605,0.258059054613113
Maine,2302,Congressional District 2,85979,0.135560110211372,203365,0.320638537406921
Florida,1201,Congressional District 1,100017,0.13551539182663,219353,0.297206550836563
Arkansas,502,Congressional District 2,101238,0.135316699743271,243487,0.325449496507645
Kansas,2004,Congressional District 4,95753,0.135233074426651,216830,0.306231528520584
Texas,4804,Congressional District 4,98273,0.134830743074417,219342,0.300937622785568
Arizona,404,Congressional District 4,100244,0.134343639016151,240848,0.322776407003403
Georgia,1309,Congressional District 9,99585,0.134087979793549,219979,0.296194612979889
Michigan,2606,Congressional District 6,94037,0.133803933858871,206074,0.293219804763794
Oklahoma,4004,Congressional District 4,101659,0.133738964796066,236303,0.310871809720993
Pennsylvania,4209,Congressional District 9,89084,0.133609905838966,208030,0.312007397413254
Tennessee,4708,Congressional District 8,92941,0.133192792534828,186959,0.267929017543793
New York,3621,Congressional District 21,88298,0.133171647787094,202110,0.304823696613312
New York,3611,Congressional District 11,99374,0.132907852530479,189179,0.253017634153366
California,653,Congressional District 53,101133,0.132348790764809,197164,0.258020788431168
Florida,1207,Congressional District 7,98794,0.13207471370697,205080,0.274165272712708
California,625,Congressional District 25,93742,0.131946980953217,191952,0.270182937383652
New York,3614,Congressional District 14,88876,0.131670296192169,209142,0.309845060110092
Pennsylvania,4203,Congressional District 3,87368,0.131649881601334,184953,0.278695195913315
Rhode Island,4401,Congressional District 1,68013,0.131563872098923,143889,0.278337895870209
Virginia,5105,Congressional District 5,91635,0.131420627236366,199060,0.285486876964569
Indiana,1809,Congressional District 9,95470,0.13133530318737,200987,0.276491969823837
Idaho,1602,Congressional District 2,107064,0.131303071975708,263740,0.323450207710266
Indiana,1806,Congressional District 6,91206,0.130994349718094,200886,0.288521945476532
Michigan,2601,Congressional District 1,88408,0.130665481090546,203290,0.300459057092667
Pennsylvania,4217,Congressional District 17,87828,0.130650550127029,187494,0.278910964727402
Florida,1213,Congressional District 13,93748,0.130406960844994,216999,0.301853686571121
Texas,4807,Congressional District 7,103713,0.130191475152969,215333,0.270308643579483
South Carolina,4502,Congressional District 2,90200,0.130080461502075,194534,0.28054404258728
South Dakota,4600,Congressional District (at Large),109099,0.13003596663475,224992,0.268169730901718
Oregon,4105,Congressional District 5,105225,0.129006907343864,225509,0.276476293802261
South Carolina,4504,Congressional District 4,91886,0.128991767764091,210421,0.295394062995911
Virginia,5106,Congressional District 6,92462,0.128902822732925,208210,0.290269076824188
California,610,Congressional District 10,96525,0.128634139895439,231316,0.308263510465622
Georgia,1313,Congressional District 13,95371,0.128272339701653,239397,0.321984827518463
Tennessee,4706,Congressional District 6,97108,0.127739727497101,221188,0.290959507226944
Kansas,2002,Congressional District 2,87500,0.127550274133682,192831,0.281093120574951
North Carolina,3712,Congressional District 12,108160,0.127516642212868,240090,0.283057242631912
Ohio,3904,Congressional District 4,86769,0.127400442957878,187343,0.275070369243622
Idaho,1601,Congressional District 1,109245,0.125411123037338,251604,0.288836479187012
Indiana,1804,Congressional District 4,90819,0.125172793865204,194625,0.268245160579681
Texas,4811,Congressional District 11,92313,0.124960064888,213109,0.288476318120956
Montana,3000,Congressional District (at Large),127777,0.124719746410847,292699,0.285695731639862
Michigan,2609,Congressional District 9,88896,0.124493390321732,189387,0.265224874019623
Florida,1211,Congressional District 11,93526,0.124317936599255,234362,0.311521947383881
New York,3619,Congressional District 19,82907,0.123642690479755,172895,0.25784558057785
Pennsylvania,4216,Congressional District 16,88318,0.12360517680645,200786,0.281009405851364
Wisconsin,5503,Congressional District 3,84971,0.123382233083248,186845,0.271308481693268
Iowa,1902,Congressional District 2,93101,0.123254299163818,206849,0.273842692375183
California,602,Congressional District 2,86328,0.122944414615631,176882,0.251907289028168
Louisiana,2206,Congressional District 6,96165,0.122538305819035,207425,0.26431143283844
Ohio,3907,Congressional District 7,86870,0.122499287128448,196013,0.276406735181808
Illinois,1709,Congressional District 9,86820,0.121915601193905,172809,0.242664277553558
New York,3606,Congressional District 6,91568,0.121316343545914,215408,0.285389125347137
Washington,5303,Congressional District 3,87475,0.120854042470455,188808,0.260854065418243
Florida,1221,Congressional District 21,94331,0.120456591248512,223950,0.285974413156509
Utah,4902,Congressional District 2,90165,0.119961842894554,208255,0.277077049016953
Indiana,1803,Congressional District 3,87315,0.119763642549515,208271,0.285670191049576
Washington,5306,Congressional District 6,82563,0.119068086147308,169171,0.243969663977623
Ohio,3902,Congressional District 2,85364,0.118991300463676,181968,0.253650337457657
Kentucky,2104,Congressional District 4,88396,0.118966773152351,185967,0.250281602144241
California,632,Congressional District 32,83868,0.117794282734394,208897,0.293400019407272
Michigan,2602,Congressional District 2,84230,0.117533624172211,199543,0.278440117835999
Minnesota,2708,Congressional District 8,75545,0.116708040237427,166760,0.257624387741089
Minnesota,2704,Congressional District 4,81344,0.116662360727787,171436,0.245870977640152
Wisconsin,5502,Congressional District 2,86776,0.116661533713341,165762,0.222850203514099
Michigan,2603,Congressional District 3,84494,0.11654119938612,193827,0.267342418432236
Ohio,3915,Congressional District 15,86172,0.116426467895508,173744,0.23474445939064
Nebraska,3103,Congressional District 3,67863,0.116402089595795,161291,0.276654571294785
Tennessee,4707,Congressional District 7,87692,0.115431144833565,214574,0.282449036836624
Florida,1212,Congressional District 12,88725,0.115386568009853,212032,0.275746911764145
California,620,Congressional District 20,82480,0.115136511623859,207715,0.289956122636795
Florida,1208,Congressional District 8,86120,0.114990718662739,203773,0.272085517644882
Iowa,1904,Congressional District 4,82462,0.113941855728626,187072,0.258486717939377
Wyoming,5600,Congressional District (at Large),64054,0.113321371376514,139014,0.245937138795853
Florida,1222,Congressional District 22,84627,0.113168865442276,190626,0.254917800426483
Vermont,5000,Congressional District (at Large),67841,0.113094344735146,154657,0.257820963859558
Minnesota,2701,Congressional District 1,73972,0.1130480915308,160529,0.245329275727272
New York,3620,Congressional District 20,79459,0.112993896007538,154291,0.219408005475998
Pennsylvania,4210,Congressional District 10,75224,0.112812928855419,181355,0.271976888179779
North Carolina,3704,Congressional District 4,93258,0.112743310630322,190046,0.22975417971611
Colorado,801,Congressional District 1,91626,0.112541362643242,198920,0.244327247142792
Hawaii,1502,Congressional District 2,77949,0.112404122948647,151171,0.217991814017296
Texas,4832,Congressional District 32,84888,0.112025506794453,191530,0.252759456634521
Pennsylvania,4215,Congressional District 15,79159,0.111249931156635,176118,0.247515961527824
Alaska,200,Congressional District (at Large),80012,0.111054971814156,172418,0.239312559366226
Massachusetts,2503,Congressional District 3,83211,0.111026756465435,171313,0.228579476475716
Washington,5309,Congressional District 9,83883,0.110795870423317,176496,0.233122661709785
New York,3605,Congressional District 5,87172,0.110721178352833,198759,0.252452969551086
Michigan,2608,Congressional District 8,79014,0.110636591911316,144664,0.20256070792675
Illinois,1716,Congressional District 16,74050,0.110441453754902,163888,0.24442982673645
Minnesota,2707,Congressional District 7,70964,0.110091514885426,167898,0.260472148656845
Massachusetts,2502,Congressional District 2,76998,0.109361283481121,153969,0.21868422627449
Connecticut,901,Congressional District 1,76120,0.109168611466885,162431,0.232952803373337
Washington,5310,Congressional District 10,78699,0.108489140868187,173807,0.239598631858826
Ohio,3908,Congressional District 8,76940,0.108298778533936,182915,0.257466465234756
Colorado,805,Congressional District 5,83030,0.108245030045509,184693,0.240781635046005
Michigan,2607,Congressional District 7,73019,0.108027614653111,166866,0.246869117021561
New York,3616,Congressional District 16,78241,0.107824482023716,171192,0.235920906066895
Missouri,2906,Congressional District 6,80014,0.107750914990902,189329,0.254960060119629
Colorado,802,Congressional District 2,83477,0.107442751526833,159674,0.205515459179878
New Jersey,3406,Congressional District 6,76163,0.106659069657326,141803,0.198581665754318
Wisconsin,5507,Congressional District 7,74036,0.106324523687363,181518,0.260681509971619
Nebraska,3101,Congressional District 1,66581,0.106063768267632,157861,0.251473128795624
Texas,4808,Congressional District 8,87794,0.105642005801201,207084,0.249182969331741
Texas,4825,Congressional District 25,79781,0.105599284172058,170736,0.225988641381264
Arizona,406,Congressional District 6,82103,0.105522982776165,169349,0.217656016349792
Florida,1219,Congressional District 19,84535,0.105189874768257,206192,0.25657194852829
Maryland,2402,Congressional District 2,77689,0.104843452572823,186622,0.251851558685303
North Carolina,3702,Congressional District 2,86563,0.104759775102139,191963,0.232316344976425
Iowa,1901,Congressional District 1,78259,0.104710705578327,185152,0.247733756899834
Pennsylvania,4211,Congressional District 11,69795,0.103544346988201,166156,0.246500670909882
Connecticut,903,Congressional District 3,71595,0.103541783988476,149668,0.216452151536942
North Dakota,3800,Congressional District (at Large),75279,0.103213116526604,163670,0.224403753876686
California,607,Congressional District 7,76364,0.103027522563934,167903,0.226528599858284
California,627,Congressional District 27,72768,0.102952413260937,172572,0.244155451655388
Texas,4802,Congressional District 2,78141,0.102830499410629,175050,0.230358958244324
Texas,4821,Congressional District 21,81445,0.102772310376167,176396,0.222587317228317
California,612,Congressional District 12,78265,0.102408930659294,152016,0.198911339044571
California,638,Congressional District 38,72529,0.102310590445995,175487,0.247544825077057
Nevada,3202,Congressional District 2,72356,0.102035604417324,181790,0.256358176469803
New York,3612,Congressional District 12,70634,0.101910702884197,126034,0.181841790676117
California,650,Congressional District 50,76067,0.101901464164257,179657,0.240673512220383
Florida,1223,Congressional District 23,76219,0.101703032851219,188007,0.250867664813995
Nebraska,3102,Congressional District 2,66465,0.101583704352379,159797,0.244230374693871
Florida,1218,Congressional District 18,77327,0.101109988987446,199944,0.261439561843872
Florida,1216,Congressional District 16,81207,0.101032130420208,205554,0.25573605298996
New Jersey,3401,Congressional District 1,72432,0.100732631981373,154404,0.214732736349106
Texas,4806,Congressional District 6,78581,0.100507393479347,189461,0.242326140403748
Rhode Island,4402,Congressional District 2,50354,0.100387163460255,107685,0.214683875441551
Georgia,1307,Congressional District 7,80273,0.100272811949253,198795,0.248324275016785
Illinois,1703,Congressional District 3,71427,0.0998614504933357,177657,0.248380661010742
New York,3617,Congressional District 17,72518,0.0995612144470215,150182,0.206187456846237
Alabama,106,Congressional District 6,68481,0.0994920879602432,167139,0.242826595902443
Pennsylvania,4204,Congressional District 4,70327,0.099342867732048,156760,0.221436828374863
Maryland,2406,Congressional District 6,74995,0.0988951995968819,160402,0.211520612239838
California,639,Congressional District 39,72068,0.0987950190901756,146377,0.20066212117672
Connecticut,905,Congressional District 5,69364,0.0986835807561874,136504,0.194203093647957
Washington,5302,Congressional District 2,71964,0.0983732938766479,148183,0.202563092112541
Ohio,3905,Congressional District 5,68479,0.0981168672442436,162199,0.232399091124535
California,611,Congressional District 11,74270,0.0980764999985695,159548,0.210689499974251
Georgia,1311,Congressional District 11,74186,0.0980678796768188,162557,0.21488718688488
Missouri,2903,Congressional District 3,75531,0.098044715821743,163879,0.212726816534996
Utah,4903,Congressional District 3,73686,0.0980188995599747,176527,0.234820485115051
California,605,Congressional District 5,70648,0.097706563770771,144875,0.200362905859947
Nevada,3203,Congressional District 3,77493,0.0968967750668526,164698,0.205937370657921
Michigan,2610,Congressional District 10,68042,0.096344567835331,156407,0.22146563231945
California,648,Congressional District 48,69188,0.0963067188858986,155853,0.216940671205521
Texas,4812,Congressional District 12,75866,0.0959418267011642,192335,0.243231102824211
Washington,5307,Congressional District 7,72083,0.0957899615168571,124625,0.165612190961838
Florida,1204,Congressional District 4,74726,0.0954213663935661,154198,0.196903139352798
Colorado,807,Congressional District 7,75076,0.0952109172940254,175607,0.222703710198402
California,630,Congressional District 30,71602,0.093815304338932,157904,0.206891044974327
Utah,4901,Congressional District 1,70790,0.0937629565596581,178175,0.235996812582016
California,604,Congressional District 4,68745,0.0934428870677948,137302,0.186630234122276
Illinois,1718,Congressional District 18,63264,0.0932236611843109,142716,0.210301399230957
California,626,Congressional District 26,67005,0.0929635986685753,165800,0.230033054947853
New Jersey,3404,Congressional District 4,69183,0.0924512147903442,138700,0.185348764061928
California,645,Congressional District 45,69904,0.0911368876695633,124589,0.162432104349136
Washington,5308,Congressional District 8,68156,0.0908681228756905,145950,0.194585993885994
Connecticut,904,Congressional District 4,65772,0.0906575992703438,149330,0.205830752849579
California,619,Congressional District 19,68883,0.0905425995588303,157520,0.207050651311874
Virginia,5102,Congressional District 2,63794,0.0905123353004456,139188,0.197483003139496
Wisconsin,5508,Congressional District 8,64857,0.0904747396707535,160560,0.223979294300079
Illinois,1708,Congressional District 8,63945,0.0904631987214088,161146,0.227973774075508
Ohio,3914,Congressional District 14,63533,0.089155986905098,144517,0.202800989151001
Texas,4831,Congressional District 31,74559,0.089023120701313,165869,0.198046863079071
Massachusetts,2509,Congressional District 9,65165,0.0889952629804611,143712,0.196266204118729
Iowa,1903,Congressional District 3,72814,0.0889901891350746,184086,0.224982127547264
Pennsylvania,4212,Congressional District 12,59993,0.088907890021801,141383,0.209525510668755
New York,3618,Congressional District 18,62679,0.0888208374381065,133533,0.189226269721985
Wisconsin,5506,Congressional District 6,61017,0.0882583931088448,149148,0.215735986828804
Colorado,804,Congressional District 4,70466,0.0881988108158112,174232,0.218077585101128
South Carolina,4501,Congressional District 1,67997,0.0880116373300552,170141,0.220221310853958
Oregon,4101,Congressional District 1,72682,0.0874291062355042,171333,0.206096291542053
Maine,2301,Congressional District 1,58033,0.0870104357600212,131789,0.197594776749611
Maryland,2401,Congressional District 1,61996,0.0864078626036644,140948,0.196448400616646
Illinois,1710,Congressional District 10,59992,0.0862274914979935,146462,0.21051225066185
Virginia,5108,Congressional District 8,68394,0.0859855189919472,144420,0.181566059589386
Wisconsin,5501,Congressional District 1,59621,0.0850485637784004,151370,0.215927287936211
New Hampshire,3301,Congressional District 1,54869,0.0840408354997635,116320,0.178163081407547
California,642,Congressional District 42,68347,0.0835034623742104,167303,0.204403698444366
Illinois,1711,Congressional District 11,59230,0.0829665660858154,145336,0.203579768538475
New Jersey,3412,Congressional District 12,61083,0.0827691927552223,135889,0.184133425354958
New York,3627,Congressional District 27,57374,0.0826064795255661,144654,0.208271309733391
Ohio,3912,Congressional District 12,62621,0.0823933407664299,151404,0.199209243059158
Arizona,408,Congressional District 8,62891,0.0821993872523308,153720,0.20091412961483
Indiana,1805,Congressional District 5,62820,0.082149863243103,142414,0.186235129833221
California,652,Congressional District 52,61405,0.0821120068430901,116393,0.155643075704575
Texas,4822,Congressional District 22,72114,0.0809980258345604,160240,0.179980635643005
Arizona,405,Congressional District 5,65423,0.0800467357039452,153067,0.18728144466877
Maryland,2404,Congressional District 4,60329,0.0798657611012459,139959,0.185282900929451
California,633,Congressional District 33,54299,0.0792199224233627,105314,0.153648629784584
Kansas,2003,Congressional District 3,60495,0.0791908502578735,145372,0.190298914909363
Illinois,1705,Congressional District 5,56824,0.0790093541145325,128955,0.179301902651787
Texas,4810,Congressional District 10,65863,0.0789735615253448,191328,0.229413375258446
Hawaii,1501,Congressional District 1,54600,0.0785522237420082,123891,0.178240165114403
Massachusetts,2508,Congressional District 8,58656,0.078459806740284,121834,0.162968352437019
Maryland,2403,Congressional District 3,58749,0.0783908441662788,138528,0.184842750430107
Ohio,3916,Congressional District 16,55097,0.0783593952655792,127464,0.181280329823494
Utah,4904,Congressional District 4,61916,0.077952653169632,162230,0.204248636960983
Massachusetts,2505,Congressional District 5,57255,0.077475480735302,117727,0.159304097294807
Connecticut,902,Congressional District 2,51277,0.0770547389984131,123754,0.185967043042183
Virginia,5107,Congressional District 7,59690,0.0767382457852364,147909,0.190153747797012
Massachusetts,2506,Congressional District 6,57904,0.0764456689357758,118866,0.156928554177284
California,649,Congressional District 49,55535,0.076258048415184,140269,0.192610785365105
Pennsylvania,4218,Congressional District 18,52910,0.0759482011198997,125189,0.17969910800457
Colorado,806,Congressional District 6,60152,0.0747038647532463,145096,0.18019737303257
Wisconsin,5505,Congressional District 5,53147,0.0741644725203514,114905,0.160345241427422
New York,3602,Congressional District 2,52501,0.0733610764145851,109173,0.152550399303436
Pennsylvania,4206,Congressional District 6,51181,0.0721404775977135,109248,0.153986886143684
Georgia,1306,Congressional District 6,54089,0.0718431696295738,127806,0.169757038354874
Texas,4824,Congressional District 24,56660,0.0712340623140335,164272,0.206525981426239
Maryland,2405,Congressional District 5,52801,0.0706686526536942,115260,0.154263526201248
New Hampshire,3302,Congressional District 2,45097,0.069808192551136,114995,0.178007259964943
Massachusetts,2504,Congressional District 4,50389,0.0695717334747314,103857,0.143394634127617
Virginia,5101,Congressional District 1,53964,0.0685324147343636,120413,0.152920350432396
New York,3604,Congressional District 4,48756,0.06789630651474,105540,0.146972194314003
Washington,5301,Congressional District 1,49381,0.067010261118412,104739,0.142131343483925
Virginia,5111,Congressional District 11,50955,0.0661951005458832,116257,0.151028230786324
New Jersey,3403,Congressional District 3,48107,0.0658920556306839,117291,0.160653233528137
Texas,4826,Congressional District 26,56944,0.065743200480938,123370,0.142433598637581
California,617,Congressional District 17,48807,0.0640402585268021,100841,0.132314696907997
California,614,Congressional District 14,47796,0.0639287382364273,114282,0.152855962514877
New York,3601,Congressional District 1,44356,0.0631851851940155,98409,0.140183761715889
Maryland,2408,Congressional District 8,47327,0.0630418956279755,116035,0.154564335942268
Texas,4803,Congressional District 3,54184,0.0625186040997505,132653,0.153057739138603
Michigan,2611,Congressional District 11,43045,0.0596640668809414,100306,0.139032736420631
New York,3603,Congressional District 3,42341,0.0594469085335732,100780,0.1414954662323
Pennsylvania,4208,Congressional District 8,41378,0.0586872026324272,91895,0.130336418747902
California,618,Congressional District 18,42485,0.0582520961761475,85497,0.117226772010326
Missouri,2902,Congressional District 2,43449,0.0577918365597725,90377,0.120211116969585
Minnesota,2706,Congressional District 6,40224,0.0573226623237133,107812,0.153641372919083
New Jersey,3405,Congressional District 5,39322,0.0536432452499866,89799,0.122504189610481
Illinois,1714,Congressional District 14,39416,0.0532389655709267,100537,0.135794743895531
Minnesota,2702,Congressional District 2,36912,0.0531929135322571,95103,0.137050434947014
New Jersey,3407,Congressional District 7,39360,0.052867766469717,79910,0.107333928346634
Illinois,1706,Congressional District 6,37246,0.0523766800761223,83868,0.117938235402107
Pennsylvania,4207,Congressional District 7,35855,0.0511108115315437,83714,0.119333155453205
California,615,Congressional District 15,39409,0.050611175596714,92309,0.118548229336739
Minnesota,2703,Congressional District 3,35412,0.0499437265098095,81597,0.115081280469894
Virginia,5110,Congressional District 10,34021,0.0404027327895164,89568,0.106369361281395
New Jersey,3411,Congressional District 11,25657,0.0358543284237385,67880,0.0948587879538536